{"name":"Create the feature file","testSteps":[{"number":1,"description":"Given the Feature file path creattion","duration":10225,"startTime":1508940846102,"result":"SUCCESS"}],"userStory":{"id":"create-feature","storyName":"Create Feature","path":"FeatureCreate.feature","type":"feature"},"featureTag":{"name":"Create Feature","type":"feature"},"title":"Create the feature file","description":"","tags":[{"name":"Create","type":"tag"}],"startTime":1508940845662,"duration":10665,"manual":false,"testSource":"Cucumber","result":"SUCCESS"}