{"name":"Verify the api validates the userName","testSteps":[{"number":1,"description":"[1] {report\u003dTC01, appurl\u003dhttps://uat1.merchantportal.firstdata.eu/MerchantApiWeb/rest/secure/user/validateUserName, status\u003dsuccess, Message\u003d, ErrorCode\u003d, userName\u003dTestAccount1, password\u003d, allianceCode\u003d, AuthErrMessage\u003d, Authaccessdenied\u003d, AuthErrCause\u003d, currency\u003d, userType\u003d, pageNumber\u003d, accountStatus\u003d, profile\u003d, firstName\u003d, lastName\u003d}","duration":4503,"startTime":1508995879126,"result":"SUCCESS","children":[{"number":2,"description":"Given load request for validateUserName \"https://uat1.merchantportal.firstdata.eu/MerchantApiWeb/rest/secure/user/validateUserName\" and \"TC01\"","duration":97,"startTime":1508995879423,"result":"SUCCESS","children":[{"number":3,"description":"Loadgetrequestdata: https://uat1.merchantportal.firstdata.eu/MerchantApiWeb/rest/secure/user/validateUserName","duration":16,"startTime":1508995879504,"result":"SUCCESS"}]},{"number":4,"description":"When post get request for validateUserName \"https://uat1.merchantportal.firstdata.eu/MerchantApiWeb/rest/secure/user/validateUserName\" and \"TestAccount1\"","duration":3619,"startTime":1508995879520,"result":"SUCCESS","children":[{"number":5,"description":"Post GET request validate user name: https://uat1.merchantportal.firstdata.eu/MerchantApiWeb/rest/secure/user/validateUserName, TestAccount1","duration":3617,"startTime":1508995879520,"result":"SUCCESS","children":[{"number":6,"description":"GET https://uat1.merchantportal.firstdata.eu/MerchantApiWeb/rest/secure/user/validateUserName?userName\u003dTestAccount1\r\r","duration":0,"startTime":1508995883137,"result":"SUCCESS","restQuery":{"method":"GET","path":"https://uat1.merchantportal.firstdata.eu/MerchantApiWeb/rest/secure/user/validateUserName?userName\u003dTestAccount1\r\r","content":"\r","contentType":"null","requestHeaders":"Accept\u003d*/*\r\r","requestCookies":"\r\r","responseHeaders":"Date: Thu, 26 Oct 2017 05:31:22 GMT\nServer: Apache\nX-Frame-Options: SAMEORIGIN\nExpires: 0\nCache-Control: no-cache, no-store, max-age\u003d0, must-revalidate\nAccess-Control-Allow-Headers: Origin, X-Requested-With, Content-Type, Accept ,X-CSRF-TOKEN\nX-XSS-Protection: 1; mode\u003dblock\nPragma: no-cache\nStrict-Transport-Security: max-age\u003d31536000 ; includeSubDomains\nAccess-Control-Allow-Methods: POST, GET, PUT, OPTIONS, DELETE, PATCH\nX-CSRF-PARAM: _csrf\nX-Frame-Options: DENY\nX-CSRF-HEADER: X-CSRF-TOKEN\nX-CSRF-TOKEN: 1ff995ae-b86a-4a48-b6ea-2fc54c30bbb3\nX-Content-Type-Options: nosniff\nContent-Type: application/json; charset\u003dUTF-8\nAccess-Control-Max-Age: 3600\nSet-Cookie: JSESSIONID\u003dHySleXRqIHGgkYdEaPZcJu1dzCz2oh612BInpbJI.r4cvap1027.1dc.com.MP.WEB; path\u003d/MerchantApiWeb;HttpOnly;Secure\nSet-Cookie: ROUTEID\u003d.1; path\u003d/;HttpOnly;Secure\nConnection: close\nTransfer-Encoding: chunked\nSet-Cookie: NSC_JOqw1kkzeidmffcdwhbqrydvw1gkccQ\u003dffffffff09425abb45525d5f4f58455e445a4a42378b;path\u003d/;secure;httponly\r","responseCookies":"JSESSIONID\u003dHySleXRqIHGgkYdEaPZcJu1dzCz2oh612BInpbJI.r4cvap1027.1dc.com.MP.WEB;Path\u003d/MerchantApiWeb;Secure;HttpOnly\nROUTEID\u003d.1;Path\u003d/;Secure;HttpOnly\nNSC_JOqw1kkzeidmffcdwhbqrydvw1gkccQ\u003dffffffff09425abb45525d5f4f58455e445a4a42378b;Path\u003d/;Secure;HttpOnly\r","responseBody":"{\n    \"status\": \"error\",\n    \"response\": null,\n    \"errors\": [\n        {\n            \"code\": \"MPERR0003\",\n            \"message\": \"Internal Application Error\"\n        }\n    ]\n}","statusCode":500}}]}]},{"number":7,"description":"Then verify validateUserName response status \"success\" and \"\" and \"\" and \"\" and \"\" and \"\"","duration":490,"startTime":1508995883139,"exception":{"errorType":"java.lang.AssertionError","message":"expected:\u003c[error]\u003e but was:\u003c[success]\u003e","stackTrace":[{"declaringClass":"api.ValidateRequest","methodName":"verifyresponse","fileName":"ValidateRequest.java","lineNumber":313},{"declaringClass":"stepdefinitions.Apidefinitions","methodName":"verify_validateUserName_response_status","fileName":"Apidefinitions.java","lineNumber":658},{"declaringClass":"✽","methodName":"Then verify validateUserName response status \"success\" and \"\" and \"\" and \"\" and \"\" and \"\"","fileName":"APIupdate.feature","lineNumber":85}]},"result":"FAILURE","children":[{"number":8,"description":"Verify Response","duration":470,"startTime":1508995883149,"exception":{"errorType":"org.junit.ComparisonFailure","message":"expected:\u003c[error]\u003e but was:\u003c[success]\u003e","stackTrace":[{"declaringClass":"api.ValidateRequest","methodName":"verifyresponse","fileName":"ValidateRequest.java","lineNumber":313},{"declaringClass":"stepdefinitions.Apidefinitions","methodName":"verify_validateUserName_response_status","fileName":"Apidefinitions.java","lineNumber":658},{"declaringClass":"org.eclipse.jdt.internal.junit4.runner.JUnit4TestReference","methodName":"run","fileName":"JUnit4TestReference.java","lineNumber":86},{"declaringClass":"org.eclipse.jdt.internal.junit.runner.TestExecution","methodName":"run","fileName":"TestExecution.java","lineNumber":38},{"declaringClass":"org.eclipse.jdt.internal.junit.runner.RemoteTestRunner","methodName":"runTests","fileName":"RemoteTestRunner.java","lineNumber":459},{"declaringClass":"org.eclipse.jdt.internal.junit.runner.RemoteTestRunner","methodName":"runTests","fileName":"RemoteTestRunner.java","lineNumber":675},{"declaringClass":"org.eclipse.jdt.internal.junit.runner.RemoteTestRunner","methodName":"run","fileName":"RemoteTestRunner.java","lineNumber":382},{"declaringClass":"org.eclipse.jdt.internal.junit.runner.RemoteTestRunner","methodName":"main","fileName":"RemoteTestRunner.java","lineNumber":192}]},"result":"FAILURE"}]}]},{"number":9,"description":"[1] {report\u003dTC02, appurl\u003dhttps://uat1.merchantportal.firstdata.eu/MerchantApiWeb/rest/secure/user/validateUserName, status\u003derror, Message\u003dUsername already registered, ErrorCode\u003dMPBE00007, userName\u003dDemoAccount1, password\u003d, allianceCode\u003d, AuthErrMessage\u003d, Authaccessdenied\u003d, AuthErrCause\u003d, currency\u003d, userType\u003d, pageNumber\u003d, accountStatus\u003d, profile\u003d, firstName\u003d, lastName\u003d}","duration":929,"startTime":1508995883851,"result":"SUCCESS","children":[{"number":10,"description":"Given load request for validateUserName \"https://uat1.merchantportal.firstdata.eu/MerchantApiWeb/rest/secure/user/validateUserName\" and \"TC02\"","duration":20,"startTime":1508995883881,"result":"SUCCESS","children":[{"number":11,"description":"Loadgetrequestdata: https://uat1.merchantportal.firstdata.eu/MerchantApiWeb/rest/secure/user/validateUserName","duration":0,"startTime":1508995883891,"result":"SUCCESS"}]},{"number":12,"description":"When post get request for validateUserName \"https://uat1.merchantportal.firstdata.eu/MerchantApiWeb/rest/secure/user/validateUserName\" and \"DemoAccount1\"","duration":839,"startTime":1508995883901,"result":"SUCCESS","children":[{"number":13,"description":"Post GET request validate user name: https://uat1.merchantportal.firstdata.eu/MerchantApiWeb/rest/secure/user/validateUserName, DemoAccount1","duration":830,"startTime":1508995883901,"result":"SUCCESS","children":[{"number":14,"description":"GET https://uat1.merchantportal.firstdata.eu/MerchantApiWeb/rest/secure/user/validateUserName?userName\u003dDemoAccount1\r\r","duration":0,"startTime":1508995884731,"result":"SUCCESS","restQuery":{"method":"GET","path":"https://uat1.merchantportal.firstdata.eu/MerchantApiWeb/rest/secure/user/validateUserName?userName\u003dDemoAccount1\r\r","content":"\r","contentType":"null","requestHeaders":"Accept\u003d*/*\r\r","requestCookies":"\r\r","responseHeaders":"Date: Thu, 26 Oct 2017 05:31:24 GMT\nServer: Apache\nX-Frame-Options: SAMEORIGIN\nExpires: 0\nCache-Control: no-cache, no-store, max-age\u003d0, must-revalidate\nAccess-Control-Allow-Headers: Origin, X-Requested-With, Content-Type, Accept ,X-CSRF-TOKEN\nX-XSS-Protection: 1; mode\u003dblock\nPragma: no-cache\nStrict-Transport-Security: max-age\u003d31536000 ; includeSubDomains\nAccess-Control-Allow-Methods: POST, GET, PUT, OPTIONS, DELETE, PATCH\nX-CSRF-PARAM: _csrf\nX-Frame-Options: DENY\nX-CSRF-HEADER: X-CSRF-TOKEN\nX-CSRF-TOKEN: eda81bb1-2496-4acd-a9b1-997008265020\nX-Content-Type-Options: nosniff\nContent-Type: application/json; charset\u003dUTF-8\nAccess-Control-Max-Age: 3600\nSet-Cookie: JSESSIONID\u003dOiRp6kHxm12NtQrtol6NE3ZMmWxZoiXg-uiHr-Ut.r4cvap1027.1dc.com.MP.WEB; path\u003d/MerchantApiWeb;HttpOnly;Secure\nSet-Cookie: ROUTEID\u003d.1; path\u003d/;HttpOnly;Secure\nConnection: close\nTransfer-Encoding: chunked\nSet-Cookie: NSC_JOqw1kkzeidmffcdwhbqrydvw1gkccQ\u003dffffffff09425abb45525d5f4f58455e445a4a42378b;path\u003d/;secure;httponly\r","responseCookies":"JSESSIONID\u003dOiRp6kHxm12NtQrtol6NE3ZMmWxZoiXg-uiHr-Ut.r4cvap1027.1dc.com.MP.WEB;Path\u003d/MerchantApiWeb;Secure;HttpOnly\nROUTEID\u003d.1;Path\u003d/;Secure;HttpOnly\nNSC_JOqw1kkzeidmffcdwhbqrydvw1gkccQ\u003dffffffff09425abb45525d5f4f58455e445a4a42378b;Path\u003d/;Secure;HttpOnly\r","responseBody":"{\n    \"status\": \"error\",\n    \"response\": null,\n    \"errors\": [\n        {\n            \"code\": \"MPERR0003\",\n            \"message\": \"Internal Application Error\"\n        }\n    ]\n}","statusCode":500}}]}]},{"number":15,"description":"Then verify validateUserName response status \"error\" and \"MPBE00007\" and \"Username already registered\" and \"\" and \"\" and \"\"","duration":40,"startTime":1508995884740,"exception":{"errorType":"java.lang.AssertionError","message":"expected:\u003cMP[ERR0003]\u003e but was:\u003cMP[BE00007]\u003e","stackTrace":[{"declaringClass":"api.ValidateRequest","methodName":"verifyresponse","fileName":"ValidateRequest.java","lineNumber":314},{"declaringClass":"stepdefinitions.Apidefinitions","methodName":"verify_validateUserName_response_status","fileName":"Apidefinitions.java","lineNumber":658},{"declaringClass":"✽","methodName":"Then verify validateUserName response status \"error\" and \"MPBE00007\" and \"Username already registered\" and \"\" and \"\" and \"\"","fileName":"APIupdate.feature","lineNumber":85}]},"result":"FAILURE","children":[{"number":16,"description":"Verify Response","duration":40,"startTime":1508995884740,"exception":{"errorType":"org.junit.ComparisonFailure","message":"expected:\u003cMP[ERR0003]\u003e but was:\u003cMP[BE00007]\u003e","stackTrace":[{"declaringClass":"api.ValidateRequest","methodName":"verifyresponse","fileName":"ValidateRequest.java","lineNumber":314},{"declaringClass":"stepdefinitions.Apidefinitions","methodName":"verify_validateUserName_response_status","fileName":"Apidefinitions.java","lineNumber":658},{"declaringClass":"org.eclipse.jdt.internal.junit4.runner.JUnit4TestReference","methodName":"run","fileName":"JUnit4TestReference.java","lineNumber":86},{"declaringClass":"org.eclipse.jdt.internal.junit.runner.TestExecution","methodName":"run","fileName":"TestExecution.java","lineNumber":38},{"declaringClass":"org.eclipse.jdt.internal.junit.runner.RemoteTestRunner","methodName":"runTests","fileName":"RemoteTestRunner.java","lineNumber":459},{"declaringClass":"org.eclipse.jdt.internal.junit.runner.RemoteTestRunner","methodName":"runTests","fileName":"RemoteTestRunner.java","lineNumber":675},{"declaringClass":"org.eclipse.jdt.internal.junit.runner.RemoteTestRunner","methodName":"run","fileName":"RemoteTestRunner.java","lineNumber":382},{"declaringClass":"org.eclipse.jdt.internal.junit.runner.RemoteTestRunner","methodName":"main","fileName":"RemoteTestRunner.java","lineNumber":192}]},"result":"FAILURE"}]}]}],"userStory":{"id":"merchant-portal-application-api-validation","storyName":"Merchant Portal application API validation","path":"APIupdate.feature","type":"feature"},"featureTag":{"name":"Merchant Portal application API validation","type":"feature"},"title":"Verify the api validates the userName","description":"","tags":[{"name":"validateUserName","type":"tag"}],"startTime":1508995879001,"duration":5779,"testFailureCause":{"errorType":"org.junit.ComparisonFailure","message":"expected:\u003c[error]\u003e but was:\u003c[success]\u003e","stackTrace":[{"declaringClass":"api.ValidateRequest","methodName":"verifyresponse","fileName":"ValidateRequest.java","lineNumber":313},{"declaringClass":"stepdefinitions.Apidefinitions","methodName":"verify_validateUserName_response_status","fileName":"Apidefinitions.java","lineNumber":658},{"declaringClass":"org.eclipse.jdt.internal.junit4.runner.JUnit4TestReference","methodName":"run","fileName":"JUnit4TestReference.java","lineNumber":86},{"declaringClass":"org.eclipse.jdt.internal.junit.runner.TestExecution","methodName":"run","fileName":"TestExecution.java","lineNumber":38},{"declaringClass":"org.eclipse.jdt.internal.junit.runner.RemoteTestRunner","methodName":"runTests","fileName":"RemoteTestRunner.java","lineNumber":459},{"declaringClass":"org.eclipse.jdt.internal.junit.runner.RemoteTestRunner","methodName":"runTests","fileName":"RemoteTestRunner.java","lineNumber":675},{"declaringClass":"org.eclipse.jdt.internal.junit.runner.RemoteTestRunner","methodName":"run","fileName":"RemoteTestRunner.java","lineNumber":382},{"declaringClass":"org.eclipse.jdt.internal.junit.runner.RemoteTestRunner","methodName":"main","fileName":"RemoteTestRunner.java","lineNumber":192}]},"testFailureClassname":"java.lang.AssertionError","testFailureMessage":"expected:\u003c[error]\u003e but was:\u003c[success]\u003e\r\nexpected:\u003c[error]\u003e but was:\u003c[success]\u003e\r\nexpected:\u003cMP[ERR0003]\u003e but was:\u003cMP[BE00007]\u003e\r\nexpected:\u003cMP[ERR0003]\u003e but was:\u003cMP[BE00007]\u003e","annotatedResult":"FAILURE","dataTable":{"headers":["report","appurl","status","Message","ErrorCode","userName","password","allianceCode","AuthErrMessage","Authaccessdenied","AuthErrCause","currency","userType","pageNumber","accountStatus","profile","firstName","lastName"],"rows":[{"values":["TC01","https://uat1.merchantportal.firstdata.eu/MerchantApiWeb/rest/secure/user/validateUserName","success","","","TestAccount1","","","","","","","","","","","",""],"result":"FAILURE"},{"values":["TC02","https://uat1.merchantportal.firstdata.eu/MerchantApiWeb/rest/secure/user/validateUserName","error","Username already registered","MPBE00007","DemoAccount1","","","","","","","","","","","",""],"result":"FAILURE"}],"predefinedRows":true,"dataSetDescriptors":[{"startRow":0,"rowCount":0,"name":"","description":""}]},"manual":false,"testSource":"Cucumber","result":"FAILURE"}