{"name":"Verify the api retrieves the profile list of different user types","testSteps":[{"number":1,"description":"[1] {report\u003dTC01, appurl\u003dhttps://uat1.merchantportal.firstdata.eu/MerchantApiWeb/rest/secure/user/getProfileList, status\u003dsuccess, Message\u003d, ErrorCode\u003d, userName\u003d, password\u003d, allianceCode\u003d, AuthErrMessage\u003d, Authaccessdenied\u003d, AuthErrCause\u003d, currency\u003d, userType\u003dALLIANCE, pageNumber\u003d, accountStatus\u003d, profile\u003d, firstName\u003d, lastName\u003d}","duration":992,"startTime":1508937379638,"result":"SUCCESS","children":[{"number":2,"description":"Given load request for getProfileList \"https://uat1.merchantportal.firstdata.eu/MerchantApiWeb/rest/secure/user/getProfileList\" and \"TC01\"","duration":20,"startTime":1508937379648,"result":"SUCCESS","children":[{"number":3,"description":"Loadgetrequestdata authenticated: https://uat1.merchantportal.firstdata.eu/MerchantApiWeb/rest/secure/user/getProfileList, f6dc3cee-ef74-4741-9dc1-1a918c95f776","duration":0,"startTime":1508937379668,"result":"SUCCESS"}]},{"number":4,"description":"When post get request for getProfileList \"https://uat1.merchantportal.firstdata.eu/MerchantApiWeb/rest/secure/user/getProfileList\" and \"ALLIANCE\"","duration":912,"startTime":1508937379668,"result":"SUCCESS","children":[{"number":5,"description":"Post GET request get profile list: https://uat1.merchantportal.firstdata.eu/MerchantApiWeb/rest/secure/user/getProfileList, ALLIANCE","duration":900,"startTime":1508937379678,"result":"SUCCESS","children":[{"number":6,"description":"GET https://uat1.merchantportal.firstdata.eu/MerchantApiWeb/rest/secure/user/getProfileList?userType\u003dALLIANCE\r\r","duration":6,"startTime":1508937380572,"result":"SUCCESS","restQuery":{"method":"GET","path":"https://uat1.merchantportal.firstdata.eu/MerchantApiWeb/rest/secure/user/getProfileList?userType\u003dALLIANCE\r\r","content":"\r","contentType":"null","requestHeaders":"X-CSRF-TOKEN\u003df6dc3cee-ef74-4741-9dc1-1a918c95f776\r\n\t\t\t\tcontentType\u003dapplication/json\r\n\t\t\t\tAccept\u003d*/*\r\r","requestCookies":"JSESSIONID\u003dstl9VrBCOcZaGzaq5CFFVrpI8FnWqx_2zMA26F3e.r4cvap1027.1dc.com.MP.WEB\r\n\t\t\t\tROUTEID\u003d.1\r\n\t\t\t\tNSC_JOqw1kkzeidmffcdwhbqrydvw1gkccQ\u003dffffffff09425abb45525d5f4f58455e445a4a42378b\r\r","responseHeaders":"Date: Wed, 25 Oct 2017 13:16:20 GMT\nServer: Apache\nX-Frame-Options: SAMEORIGIN\nExpires: 0\nCache-Control: no-cache, no-store, max-age\u003d0, must-revalidate\nAccess-Control-Allow-Headers: Origin, X-Requested-With, Content-Type, Accept ,X-CSRF-TOKEN\nX-XSS-Protection: 1; mode\u003dblock\nPragma: no-cache\nStrict-Transport-Security: max-age\u003d31536000 ; includeSubDomains\nAccess-Control-Allow-Methods: POST, GET, PUT, OPTIONS, DELETE, PATCH\nX-CSRF-PARAM: _csrf\nX-Frame-Options: DENY\nX-CSRF-HEADER: X-CSRF-TOKEN\nX-CSRF-TOKEN: f6dc3cee-ef74-4741-9dc1-1a918c95f776\nX-Content-Type-Options: nosniff\nContent-Type: application/json; charset\u003dUTF-8\nAccess-Control-Max-Age: 3600\nKeep-Alive: timeout\u003d10\nConnection: Keep-Alive\nTransfer-Encoding: chunked\r","responseCookies":"\r","responseBody":"{\n    \"status\": \"success\",\n    \"response\": [\n        \"AllianceAdminUser\",\n        \"AllianceCallCentreAgent\",\n        \"AllianceSalesAgent\",\n        \"AllianceContentManager\",\n        \"AllianceBoardingAgent\",\n        \"ISNAPCreateUser\"\n    ],\n    \"errors\": null\n}","statusCode":200}}]}]},{"number":7,"description":"Then verify getProfileList response status \"success\" and \"\" and \"\" and \"\" and \"\" and \"\"","duration":50,"startTime":1508937380580,"result":"SUCCESS","children":[{"number":8,"description":"Verify Response","duration":20,"startTime":1508937380590,"result":"SUCCESS"}]}]},{"number":9,"description":"[1] {report\u003dTC02, appurl\u003dhttps://uat1.merchantportal.firstdata.eu/MerchantApiWeb/rest/secure/user/getProfileList, status\u003dsuccess, Message\u003d, ErrorCode\u003d, userName\u003d, password\u003d, allianceCode\u003d, AuthErrMessage\u003d, Authaccessdenied\u003d, AuthErrCause\u003d, currency\u003d, userType\u003dFIRSTDATA, pageNumber\u003d, accountStatus\u003d, profile\u003d, firstName\u003d, lastName\u003d}","duration":942,"startTime":1508937380675,"result":"SUCCESS","children":[{"number":10,"description":"Given load request for getProfileList \"https://uat1.merchantportal.firstdata.eu/MerchantApiWeb/rest/secure/user/getProfileList\" and \"TC02\"","duration":20,"startTime":1508937380695,"result":"SUCCESS","children":[{"number":11,"description":"Loadgetrequestdata authenticated: https://uat1.merchantportal.firstdata.eu/MerchantApiWeb/rest/secure/user/getProfileList, f6dc3cee-ef74-4741-9dc1-1a918c95f776","duration":0,"startTime":1508937380705,"result":"SUCCESS"}]},{"number":12,"description":"When post get request for getProfileList \"https://uat1.merchantportal.firstdata.eu/MerchantApiWeb/rest/secure/user/getProfileList\" and \"FIRSTDATA\"","duration":853,"startTime":1508937380715,"result":"SUCCESS","children":[{"number":13,"description":"Post GET request get profile list: https://uat1.merchantportal.firstdata.eu/MerchantApiWeb/rest/secure/user/getProfileList, FIRSTDATA","duration":833,"startTime":1508937380715,"result":"SUCCESS","children":[{"number":14,"description":"GET https://uat1.merchantportal.firstdata.eu/MerchantApiWeb/rest/secure/user/getProfileList?userType\u003dFIRSTDATA\r\r","duration":0,"startTime":1508937381548,"result":"SUCCESS","restQuery":{"method":"GET","path":"https://uat1.merchantportal.firstdata.eu/MerchantApiWeb/rest/secure/user/getProfileList?userType\u003dFIRSTDATA\r\r","content":"\r","contentType":"null","requestHeaders":"X-CSRF-TOKEN\u003df6dc3cee-ef74-4741-9dc1-1a918c95f776\r\n\t\t\t\tcontentType\u003dapplication/json\r\n\t\t\t\tAccept\u003d*/*\r\r","requestCookies":"JSESSIONID\u003dstl9VrBCOcZaGzaq5CFFVrpI8FnWqx_2zMA26F3e.r4cvap1027.1dc.com.MP.WEB\r\n\t\t\t\tROUTEID\u003d.1\r\n\t\t\t\tNSC_JOqw1kkzeidmffcdwhbqrydvw1gkccQ\u003dffffffff09425abb45525d5f4f58455e445a4a42378b\r\r","responseHeaders":"Date: Wed, 25 Oct 2017 13:16:21 GMT\nServer: Apache\nX-Frame-Options: SAMEORIGIN\nExpires: 0\nCache-Control: no-cache, no-store, max-age\u003d0, must-revalidate\nAccess-Control-Allow-Headers: Origin, X-Requested-With, Content-Type, Accept ,X-CSRF-TOKEN\nX-XSS-Protection: 1; mode\u003dblock\nPragma: no-cache\nStrict-Transport-Security: max-age\u003d31536000 ; includeSubDomains\nAccess-Control-Allow-Methods: POST, GET, PUT, OPTIONS, DELETE, PATCH\nX-CSRF-PARAM: _csrf\nX-Frame-Options: DENY\nX-CSRF-HEADER: X-CSRF-TOKEN\nX-CSRF-TOKEN: f6dc3cee-ef74-4741-9dc1-1a918c95f776\nX-Content-Type-Options: nosniff\nContent-Type: application/json; charset\u003dUTF-8\nAccess-Control-Max-Age: 3600\nKeep-Alive: timeout\u003d10\nConnection: Keep-Alive\nTransfer-Encoding: chunked\r","responseCookies":"\r","responseBody":"{\n    \"status\": \"success\",\n    \"response\": [\n        \n    ],\n    \"errors\": null\n}","statusCode":200}}]}]},{"number":15,"description":"Then verify getProfileList response status \"success\" and \"\" and \"\" and \"\" and \"\" and \"\"","duration":49,"startTime":1508937381568,"result":"SUCCESS","children":[{"number":16,"description":"Verify Response","duration":19,"startTime":1508937381578,"result":"SUCCESS"}]}]},{"number":17,"description":"[1] {report\u003dTC03, appurl\u003dhttps://uat1.merchantportal.firstdata.eu/MerchantApiWeb/rest/secure/user/getProfileList, status\u003dsuccess, Message\u003d, ErrorCode\u003d, userName\u003d, password\u003d, allianceCode\u003d, AuthErrMessage\u003d, Authaccessdenied\u003d, AuthErrCause\u003d, currency\u003d, userType\u003dMERCHANT, pageNumber\u003d, accountStatus\u003d, profile\u003d, firstName\u003d, lastName\u003d}","duration":1017,"startTime":1508937381637,"result":"SUCCESS","children":[{"number":18,"description":"Given load request for getProfileList \"https://uat1.merchantportal.firstdata.eu/MerchantApiWeb/rest/secure/user/getProfileList\" and \"TC03\"","duration":10,"startTime":1508937381657,"result":"SUCCESS","children":[{"number":19,"description":"Loadgetrequestdata authenticated: https://uat1.merchantportal.firstdata.eu/MerchantApiWeb/rest/secure/user/getProfileList, f6dc3cee-ef74-4741-9dc1-1a918c95f776","duration":0,"startTime":1508937381667,"result":"SUCCESS"}]},{"number":20,"description":"When post get request for getProfileList \"https://uat1.merchantportal.firstdata.eu/MerchantApiWeb/rest/secure/user/getProfileList\" and \"MERCHANT\"","duration":927,"startTime":1508937381667,"result":"SUCCESS","children":[{"number":21,"description":"Post GET request get profile list: https://uat1.merchantportal.firstdata.eu/MerchantApiWeb/rest/secure/user/getProfileList, MERCHANT","duration":904,"startTime":1508937381667,"result":"SUCCESS","children":[{"number":22,"description":"GET https://uat1.merchantportal.firstdata.eu/MerchantApiWeb/rest/secure/user/getProfileList?userType\u003dMERCHANT\r\r","duration":0,"startTime":1508937382571,"result":"SUCCESS","restQuery":{"method":"GET","path":"https://uat1.merchantportal.firstdata.eu/MerchantApiWeb/rest/secure/user/getProfileList?userType\u003dMERCHANT\r\r","content":"\r","contentType":"null","requestHeaders":"X-CSRF-TOKEN\u003df6dc3cee-ef74-4741-9dc1-1a918c95f776\r\n\t\t\t\tcontentType\u003dapplication/json\r\n\t\t\t\tAccept\u003d*/*\r\r","requestCookies":"JSESSIONID\u003dstl9VrBCOcZaGzaq5CFFVrpI8FnWqx_2zMA26F3e.r4cvap1027.1dc.com.MP.WEB\r\n\t\t\t\tROUTEID\u003d.1\r\n\t\t\t\tNSC_JOqw1kkzeidmffcdwhbqrydvw1gkccQ\u003dffffffff09425abb45525d5f4f58455e445a4a42378b\r\r","responseHeaders":"Date: Wed, 25 Oct 2017 13:16:22 GMT\nServer: Apache\nX-Frame-Options: SAMEORIGIN\nExpires: 0\nCache-Control: no-cache, no-store, max-age\u003d0, must-revalidate\nAccess-Control-Allow-Headers: Origin, X-Requested-With, Content-Type, Accept ,X-CSRF-TOKEN\nX-XSS-Protection: 1; mode\u003dblock\nPragma: no-cache\nStrict-Transport-Security: max-age\u003d31536000 ; includeSubDomains\nAccess-Control-Allow-Methods: POST, GET, PUT, OPTIONS, DELETE, PATCH\nX-CSRF-PARAM: _csrf\nX-Frame-Options: DENY\nX-CSRF-HEADER: X-CSRF-TOKEN\nX-CSRF-TOKEN: f6dc3cee-ef74-4741-9dc1-1a918c95f776\nX-Content-Type-Options: nosniff\nContent-Type: application/json; charset\u003dUTF-8\nAccess-Control-Max-Age: 3600\nKeep-Alive: timeout\u003d10\nConnection: Keep-Alive\nTransfer-Encoding: chunked\r","responseCookies":"\r","responseBody":"{\n    \"status\": \"success\",\n    \"response\": [\n        \"BusinessOwner\",\n        \"BusinessAssistant\"\n    ],\n    \"errors\": null\n}","statusCode":200}}]}]},{"number":23,"description":"Then verify getProfileList response status \"success\" and \"\" and \"\" and \"\" and \"\" and \"\"","duration":60,"startTime":1508937382594,"result":"SUCCESS","children":[{"number":24,"description":"Verify Response","duration":20,"startTime":1508937382604,"result":"SUCCESS"}]}]},{"number":25,"description":"[1] {report\u003dTC04, appurl\u003dhttps://uat1.merchantportal.firstdata.eu/MerchantApiWeb/rest/secure/user/getProfileList, status\u003dsuccess, Message\u003d, ErrorCode\u003d, userName\u003d, password\u003d, allianceCode\u003d, AuthErrMessage\u003d, Authaccessdenied\u003d, AuthErrCause\u003d, currency\u003d, userType\u003dSUBACCOUNT, pageNumber\u003d, accountStatus\u003d, profile\u003d, firstName\u003d, lastName\u003d}","duration":900,"startTime":1508937382702,"result":"SUCCESS","children":[{"number":26,"description":"Given load request for getProfileList \"https://uat1.merchantportal.firstdata.eu/MerchantApiWeb/rest/secure/user/getProfileList\" and \"TC04\"","duration":20,"startTime":1508937382722,"result":"SUCCESS","children":[{"number":27,"description":"Loadgetrequestdata authenticated: https://uat1.merchantportal.firstdata.eu/MerchantApiWeb/rest/secure/user/getProfileList, f6dc3cee-ef74-4741-9dc1-1a918c95f776","duration":0,"startTime":1508937382732,"result":"SUCCESS"}]},{"number":28,"description":"When post get request for getProfileList \"https://uat1.merchantportal.firstdata.eu/MerchantApiWeb/rest/secure/user/getProfileList\" and \"SUBACCOUNT\"","duration":810,"startTime":1508937382742,"result":"SUCCESS","children":[{"number":29,"description":"Post GET request get profile list: https://uat1.merchantportal.firstdata.eu/MerchantApiWeb/rest/secure/user/getProfileList, SUBACCOUNT","duration":770,"startTime":1508937382742,"result":"SUCCESS","children":[{"number":30,"description":"GET https://uat1.merchantportal.firstdata.eu/MerchantApiWeb/rest/secure/user/getProfileList?userType\u003dSUBACCOUNT\r\r","duration":0,"startTime":1508937383512,"result":"SUCCESS","restQuery":{"method":"GET","path":"https://uat1.merchantportal.firstdata.eu/MerchantApiWeb/rest/secure/user/getProfileList?userType\u003dSUBACCOUNT\r\r","content":"\r","contentType":"null","requestHeaders":"X-CSRF-TOKEN\u003df6dc3cee-ef74-4741-9dc1-1a918c95f776\r\n\t\t\t\tcontentType\u003dapplication/json\r\n\t\t\t\tAccept\u003d*/*\r\r","requestCookies":"JSESSIONID\u003dstl9VrBCOcZaGzaq5CFFVrpI8FnWqx_2zMA26F3e.r4cvap1027.1dc.com.MP.WEB\r\n\t\t\t\tROUTEID\u003d.1\r\n\t\t\t\tNSC_JOqw1kkzeidmffcdwhbqrydvw1gkccQ\u003dffffffff09425abb45525d5f4f58455e445a4a42378b\r\r","responseHeaders":"Date: Wed, 25 Oct 2017 13:16:23 GMT\nServer: Apache\nX-Frame-Options: SAMEORIGIN\nExpires: 0\nCache-Control: no-cache, no-store, max-age\u003d0, must-revalidate\nAccess-Control-Allow-Headers: Origin, X-Requested-With, Content-Type, Accept ,X-CSRF-TOKEN\nX-XSS-Protection: 1; mode\u003dblock\nPragma: no-cache\nStrict-Transport-Security: max-age\u003d31536000 ; includeSubDomains\nAccess-Control-Allow-Methods: POST, GET, PUT, OPTIONS, DELETE, PATCH\nX-CSRF-PARAM: _csrf\nX-Frame-Options: DENY\nX-CSRF-HEADER: X-CSRF-TOKEN\nX-CSRF-TOKEN: f6dc3cee-ef74-4741-9dc1-1a918c95f776\nX-Content-Type-Options: nosniff\nContent-Type: application/json; charset\u003dUTF-8\nAccess-Control-Max-Age: 3600\nKeep-Alive: timeout\u003d10\nConnection: Keep-Alive\nTransfer-Encoding: chunked\r","responseCookies":"\r","responseBody":"{\n    \"status\": \"success\",\n    \"response\": [\n        \n    ],\n    \"errors\": null\n}","statusCode":200}}]}]},{"number":31,"description":"Then verify getProfileList response status \"success\" and \"\" and \"\" and \"\" and \"\" and \"\"","duration":50,"startTime":1508937383552,"result":"SUCCESS","children":[{"number":32,"description":"Verify Response","duration":30,"startTime":1508937383552,"result":"SUCCESS"}]}]},{"number":33,"description":"[1] {report\u003dTC05, appurl\u003dhttps://uat1.merchantportal.firstdata.eu/MerchantApiWeb/rest/secure/user/getProfileList, status\u003derror, Message\u003dUser Type is required, ErrorCode\u003dMPVE00099, userName\u003d, password\u003d, allianceCode\u003d, AuthErrMessage\u003d, Authaccessdenied\u003d, AuthErrCause\u003d, currency\u003d, userType\u003d, pageNumber\u003d, accountStatus\u003d, profile\u003d, firstName\u003d, lastName\u003d}","duration":1038,"startTime":1508937383632,"result":"SUCCESS","children":[{"number":34,"description":"Given load request for getProfileList \"https://uat1.merchantportal.firstdata.eu/MerchantApiWeb/rest/secure/user/getProfileList\" and \"TC05\"","duration":23,"startTime":1508937383652,"result":"SUCCESS","children":[{"number":35,"description":"Loadgetrequestdata authenticated: https://uat1.merchantportal.firstdata.eu/MerchantApiWeb/rest/secure/user/getProfileList, f6dc3cee-ef74-4741-9dc1-1a918c95f776","duration":0,"startTime":1508937383675,"result":"SUCCESS"}]},{"number":36,"description":"When post get request for getProfileList \"https://uat1.merchantportal.firstdata.eu/MerchantApiWeb/rest/secure/user/getProfileList\" and \"\"","duration":900,"startTime":1508937383675,"result":"SUCCESS","children":[{"number":37,"description":"Post GET request get profile list: https://uat1.merchantportal.firstdata.eu/MerchantApiWeb/rest/secure/user/getProfileList, ","duration":870,"startTime":1508937383685,"result":"SUCCESS","children":[{"number":38,"description":"GET https://uat1.merchantportal.firstdata.eu/MerchantApiWeb/rest/secure/user/getProfileList?userType\u003d\r\r","duration":10,"startTime":1508937384545,"result":"SUCCESS","restQuery":{"method":"GET","path":"https://uat1.merchantportal.firstdata.eu/MerchantApiWeb/rest/secure/user/getProfileList?userType\u003d\r\r","content":"\r","contentType":"null","requestHeaders":"X-CSRF-TOKEN\u003df6dc3cee-ef74-4741-9dc1-1a918c95f776\r\n\t\t\t\tcontentType\u003dapplication/json\r\n\t\t\t\tAccept\u003d*/*\r\r","requestCookies":"JSESSIONID\u003dstl9VrBCOcZaGzaq5CFFVrpI8FnWqx_2zMA26F3e.r4cvap1027.1dc.com.MP.WEB\r\n\t\t\t\tROUTEID\u003d.1\r\n\t\t\t\tNSC_JOqw1kkzeidmffcdwhbqrydvw1gkccQ\u003dffffffff09425abb45525d5f4f58455e445a4a42378b\r\r","responseHeaders":"Date: Wed, 25 Oct 2017 13:16:24 GMT\nServer: Apache\nX-Frame-Options: SAMEORIGIN\nExpires: 0\nCache-Control: no-cache, no-store, max-age\u003d0, must-revalidate\nAccess-Control-Allow-Headers: Origin, X-Requested-With, Content-Type, Accept ,X-CSRF-TOKEN\nX-XSS-Protection: 1; mode\u003dblock\nPragma: no-cache\nStrict-Transport-Security: max-age\u003d31536000 ; includeSubDomains\nAccess-Control-Allow-Methods: POST, GET, PUT, OPTIONS, DELETE, PATCH\nX-CSRF-PARAM: _csrf\nX-Frame-Options: DENY\nX-CSRF-HEADER: X-CSRF-TOKEN\nX-CSRF-TOKEN: f6dc3cee-ef74-4741-9dc1-1a918c95f776\nX-Content-Type-Options: nosniff\nContent-Type: application/json; charset\u003dUTF-8\nAccess-Control-Max-Age: 3600\nConnection: close\nTransfer-Encoding: chunked\r","responseCookies":"\r","responseBody":"{\n    \"status\": \"error\",\n    \"response\": null,\n    \"errors\": [\n        {\n            \"code\": \"MPVE00099\",\n            \"message\": \"User Type is required\"\n        }\n    ]\n}","statusCode":400}}]}]},{"number":39,"description":"Then verify getProfileList response status \"error\" and \"MPVE00099\" and \"User Type is required\" and \"\" and \"\" and \"\"","duration":95,"startTime":1508937384575,"result":"SUCCESS","children":[{"number":40,"description":"Verify Response","duration":40,"startTime":1508937384585,"result":"SUCCESS"}]}]},{"number":41,"description":"[1] {report\u003dTC01, appurl\u003dhttps://uat1.merchantportal.firstdata.eu/MerchantApiWeb/rest/secure/user/getUserDetails, status\u003dsuccess, Message\u003d, ErrorCode\u003d, userName\u003d, password\u003d, allianceCode\u003d, AuthErrMessage\u003d, Authaccessdenied\u003d, AuthErrCause\u003d, currency\u003d, userType\u003d, pageNumber\u003d, accountStatus\u003d, profile\u003d, firstName\u003d, lastName\u003d}","duration":1716,"startTime":1508937384844,"result":"SUCCESS","children":[{"number":42,"description":"Given load request for getUserDetails \"https://uat1.merchantportal.firstdata.eu/MerchantApiWeb/rest/secure/user/getUserDetails\" and \"TC01\"","duration":20,"startTime":1508937384854,"result":"SUCCESS","children":[{"number":43,"description":"Loadgetrequestdata authenticated: https://uat1.merchantportal.firstdata.eu/MerchantApiWeb/rest/secure/user/getUserDetails, f6dc3cee-ef74-4741-9dc1-1a918c95f776","duration":0,"startTime":1508937384874,"result":"SUCCESS"}]},{"number":44,"description":"When post get request for getUserDetails \"https://uat1.merchantportal.firstdata.eu/MerchantApiWeb/rest/secure/user/getUserDetails\"","duration":1636,"startTime":1508937384874,"result":"SUCCESS","children":[{"number":45,"description":"Post GET request get user details: https://uat1.merchantportal.firstdata.eu/MerchantApiWeb/rest/secure/user/getUserDetails","duration":1614,"startTime":1508937384874,"result":"SUCCESS","children":[{"number":46,"description":"GET https://uat1.merchantportal.firstdata.eu/MerchantApiWeb/rest/secure/user/getUserDetails\r\r","duration":8,"startTime":1508937386480,"result":"SUCCESS","restQuery":{"method":"GET","path":"https://uat1.merchantportal.firstdata.eu/MerchantApiWeb/rest/secure/user/getUserDetails\r\r","content":"\r","contentType":"null","requestHeaders":"X-CSRF-TOKEN\u003df6dc3cee-ef74-4741-9dc1-1a918c95f776\r\n\t\t\t\tcontentType\u003dapplication/json\r\n\t\t\t\tAccept\u003d*/*\r\r","requestCookies":"JSESSIONID\u003dstl9VrBCOcZaGzaq5CFFVrpI8FnWqx_2zMA26F3e.r4cvap1027.1dc.com.MP.WEB\r\n\t\t\t\tROUTEID\u003d.1\r\n\t\t\t\tNSC_JOqw1kkzeidmffcdwhbqrydvw1gkccQ\u003dffffffff09425abb45525d5f4f58455e445a4a42378b\r\r","responseHeaders":"Date: Wed, 25 Oct 2017 13:16:26 GMT\nServer: Apache\nX-Frame-Options: SAMEORIGIN\nExpires: 0\nCache-Control: no-cache, no-store, max-age\u003d0, must-revalidate\nAccess-Control-Allow-Headers: Origin, X-Requested-With, Content-Type, Accept ,X-CSRF-TOKEN\nX-XSS-Protection: 1; mode\u003dblock\nPragma: no-cache\nStrict-Transport-Security: max-age\u003d31536000 ; includeSubDomains\nAccess-Control-Allow-Methods: POST, GET, PUT, OPTIONS, DELETE, PATCH\nX-CSRF-PARAM: _csrf\nX-Frame-Options: DENY\nX-CSRF-HEADER: X-CSRF-TOKEN\nX-CSRF-TOKEN: f6dc3cee-ef74-4741-9dc1-1a918c95f776\nX-Content-Type-Options: nosniff\nContent-Type: application/json; charset\u003dUTF-8\nAccess-Control-Max-Age: 3600\nKeep-Alive: timeout\u003d10\nConnection: Keep-Alive\nTransfer-Encoding: chunked\r","responseCookies":"\r","responseBody":"{\n    \"status\": \"success\",\n    \"response\": {\n        \"status\": null,\n        \"firstName\": \"Demo\",\n        \"lastName\": \"Demo\",\n        \"userName\": \"DemoAccount1\",\n        \"emailId\": \"vikram.pillai@firstdata.com\",\n        \"mobileNumber\": \"447446702755\",\n        \"phoneNumber\": null,\n        \"languageCode\": \"EN\",\n        \"sendNewsletter\": 1,\n        \"sendEmailNotification\": 0,\n        \"sendEInvoicePermission\": null,\n        \"invoiceEmailFlag\": null,\n        \"tradeName\": null,\n        \"invoiceNotificationFlag\": null,\n        \"lastLoginDate\": null,\n        \"nextPassChangeNotifDate\": null,\n        \"preAuthWidgetFlag\": 0,\n        \"userType\": \"MERCHANT\",\n        \"tourFlag\": null,\n        \"boUserManagementFlag\": 1\n    },\n    \"errors\": null\n}","statusCode":200}}]}]},{"number":47,"description":"Then verify getUserDetails response status \"success\" and \"\" and \"\" and \"\" and \"\" and \"\"","duration":50,"startTime":1508937386510,"result":"SUCCESS","children":[{"number":48,"description":"Verify Response","duration":20,"startTime":1508937386520,"result":"SUCCESS"}]}]}],"userStory":{"id":"merchant-portal-application-api-validation","storyName":"Merchant Portal application API validation","path":"APIupdate.feature","type":"feature"},"featureTag":{"name":"Merchant Portal application API validation","type":"feature"},"title":"Verify the api retrieves the profile list of different user types","description":"","tags":[{"name":"getProfileList","type":"tag"}],"startTime":1508937379638,"duration":6922,"dataTable":{"headers":["report","appurl","status","Message","ErrorCode","userName","password","allianceCode","AuthErrMessage","Authaccessdenied","AuthErrCause","currency","userType","pageNumber","accountStatus","profile","firstName","lastName"],"rows":[{"values":["TC01","https://uat1.merchantportal.firstdata.eu/MerchantApiWeb/rest/secure/user/getProfileList","success","","","","","","","","","","ALLIANCE","","","","",""],"result":"SUCCESS"},{"values":["TC02","https://uat1.merchantportal.firstdata.eu/MerchantApiWeb/rest/secure/user/getProfileList","success","","","","","","","","","","FIRSTDATA","","","","",""],"result":"SUCCESS"},{"values":["TC03","https://uat1.merchantportal.firstdata.eu/MerchantApiWeb/rest/secure/user/getProfileList","success","","","","","","","","","","MERCHANT","","","","",""],"result":"SUCCESS"},{"values":["TC04","https://uat1.merchantportal.firstdata.eu/MerchantApiWeb/rest/secure/user/getProfileList","success","","","","","","","","","","SUBACCOUNT","","","","",""],"result":"SUCCESS"},{"values":["TC05","https://uat1.merchantportal.firstdata.eu/MerchantApiWeb/rest/secure/user/getProfileList","error","User Type is required","MPVE00099","","","","","","","","","","","","",""],"result":"SUCCESS"},{"values":["","","","","","","https://uat1.merchantportal.firstdata.eu/MerchantApiWeb/rest/secure/user/getUserDetails","","","","","","TC01","","","","","success"],"result":"SUCCESS"}],"predefinedRows":true,"dataSetDescriptors":[{"startRow":0,"rowCount":5,"name":"","description":""},{"startRow":5,"rowCount":0,"name":"","description":""}]},"manual":false,"testSource":"Cucumber","result":"SUCCESS"}