{"name":"Verify the api invalidate the current session","testSteps":[{"number":1,"description":"[1] {report\u003dTC01, appurl\u003dhttps://uat1.merchantportal.firstdata.eu/MerchantApiWeb/rest/invalidateSession, status\u003dsuccess, Message\u003d, ErrorCode\u003d, userName\u003d, password\u003d, allianceCode\u003d, AuthErrMessage\u003d, Authaccessdenied\u003d, AuthErrCause\u003d, currency\u003d, userType\u003d, pageNumber\u003d, accountStatus\u003d, profile\u003d, firstName\u003d, lastName\u003d}","duration":1069,"startTime":1508843269200,"result":"SUCCESS","children":[{"number":2,"description":"Given load request for invalidateSession \"https://uat1.merchantportal.firstdata.eu/MerchantApiWeb/rest/invalidateSession\" and \"TC01\"","duration":19,"startTime":1508843269221,"result":"SUCCESS","children":[{"number":3,"description":"Loadgetrequestdata authenticated: https://uat1.merchantportal.firstdata.eu/MerchantApiWeb/rest/invalidateSession, 6833802a-4d5f-4a41-b722-e53feec63d41","duration":1,"startTime":1508843269234,"result":"SUCCESS"}]},{"number":4,"description":"When post request for invalidateSession \"https://uat1.merchantportal.firstdata.eu/MerchantApiWeb/rest/invalidateSession\" and \"\"","duration":972,"startTime":1508843269240,"result":"SUCCESS","children":[{"number":5,"description":"Postrequest invalidate session: https://uat1.merchantportal.firstdata.eu/MerchantApiWeb/rest/invalidateSession, ","duration":953,"startTime":1508843269245,"result":"SUCCESS","children":[{"number":6,"description":"POST https://uat1.merchantportal.firstdata.eu/MerchantApiWeb/rest/invalidateSession\r\r","duration":0,"startTime":1508843270197,"result":"SUCCESS","restQuery":{"method":"POST","path":"https://uat1.merchantportal.firstdata.eu/MerchantApiWeb/rest/invalidateSession\r\r","content":"\r","contentType":"null","requestHeaders":"X-CSRF-TOKEN\u003d6833802a-4d5f-4a41-b722-e53feec63d41\r\n\t\t\t\tcontentType\u003dapplication/json\r\n\t\t\t\tAccept\u003d*/*\r\n\t\t\t\tContent-Type\u003dapplication/x-www-form-urlencoded; charset\u003dISO-8859-1\r\r","requestCookies":"JSESSIONID\u003dyYoxg_k5OmDNfWXc6f2cNV7tYGSu-8G6-xfo3hV9.r4cvap1027.1dc.com.MP.WEB\r\n\t\t\t\tROUTEID\u003d.1\r\n\t\t\t\tNSC_JOqw1kkzeidmffcdwhbqrydvw1gkccQ\u003dffffffff09425abb45525d5f4f58455e445a4a42378b\r\r","responseHeaders":"Date: Tue, 24 Oct 2017 11:07:50 GMT\nServer: Apache\nX-Frame-Options: SAMEORIGIN\nExpires: 0\nCache-Control: no-cache, no-store, max-age\u003d0, must-revalidate\nAccess-Control-Allow-Headers: Origin, X-Requested-With, Content-Type, Accept ,X-CSRF-TOKEN\nX-XSS-Protection: 1; mode\u003dblock\nPragma: no-cache\nStrict-Transport-Security: max-age\u003d31536000 ; includeSubDomains\nAccess-Control-Allow-Methods: POST, GET, PUT, OPTIONS, DELETE, PATCH\nX-CSRF-PARAM: _csrf\nX-Frame-Options: DENY\nX-CSRF-HEADER: X-CSRF-TOKEN\nX-CSRF-TOKEN: 6833802a-4d5f-4a41-b722-e53feec63d41\nX-Content-Type-Options: nosniff\nContent-Type: application/json; charset\u003dUTF-8\nAccess-Control-Max-Age: 3600\nSet-Cookie: JSESSIONID\u003dyYoxg_k5OmDNfWXc6f2cNV7tYGSu-8G6-xfo3hV9.r4cvap1027.1dc.com.MP.WEB; path\u003d/MerchantApiWeb; Max-Age\u003d0; Expires\u003dThu, 01-Jan-1970 00:00:00 GMT;HttpOnly;Secure\nKeep-Alive: timeout\u003d10\nConnection: Keep-Alive\nTransfer-Encoding: chunked\r","responseCookies":"JSESSIONID\u003dyYoxg_k5OmDNfWXc6f2cNV7tYGSu-8G6-xfo3hV9.r4cvap1027.1dc.com.MP.WEB;Path\u003d/MerchantApiWeb;Max-Age\u003d0;Secure;HttpOnly;Expires\u003d1/1/70 12:00 AM\r","responseBody":"{\n    \"status\": \"success\",\n    \"response\": null,\n    \"errors\": null\n}","statusCode":200}}]}]},{"number":7,"description":"Then verify invalidateSession response status \"success\" and \"\" and \"\" and \"\" and \"\" and \"\"","duration":57,"startTime":1508843270212,"result":"SUCCESS","children":[{"number":8,"description":"Verify Response","duration":18,"startTime":1508843270227,"result":"SUCCESS"}]}]}],"userStory":{"id":"merchant-portal-application-api-validation","storyName":"Merchant Portal application API validation","path":"APIupdate.feature","type":"feature"},"featureTag":{"name":"Merchant Portal application API validation","type":"feature"},"title":"Verify the api invalidate the current session","description":"","tags":[{"name":"invalidateSession","type":"tag"}],"startTime":1508843269199,"duration":1070,"dataTable":{"headers":["report","appurl","status","Message","ErrorCode","userName","password","allianceCode","AuthErrMessage","Authaccessdenied","AuthErrCause","currency","userType","pageNumber","accountStatus","profile","firstName","lastName"],"rows":[{"values":["TC01","https://uat1.merchantportal.firstdata.eu/MerchantApiWeb/rest/invalidateSession","success","","","","","","","","","","","","","","",""],"result":"SUCCESS"}],"predefinedRows":true,"dataSetDescriptors":[{"startRow":0,"rowCount":0,"name":"","description":""}]},"manual":false,"testSource":"Cucumber","result":"SUCCESS"}