{"name":"Verify the api retrieves the User\u0027s list","testSteps":[{"number":1,"description":"[1] {report\u003dTC01, appurl\u003dhttps://uat1.merchantportal.firstdata.eu/MerchantApiWeb/rest/secure/user/getUserList, status\u003dsuccess, Message\u003d, ErrorCode\u003d, userName\u003d, password\u003d, allianceCode\u003d, AuthErrMessage\u003d, Authaccessdenied\u003d, AuthErrCause\u003d, currency\u003d, userType\u003d, pageNumber\u003d1, accountStatus\u003dActive, profile\u003dBusinessOwner, firstName\u003dDemo, lastName\u003dDemo}","duration":1805,"startTime":1508937386717,"result":"SUCCESS","children":[{"number":2,"description":"Given load request for getUserList \"https://uat1.merchantportal.firstdata.eu/MerchantApiWeb/rest/secure/user/getUserList\" and \"TC01\"","duration":20,"startTime":1508937386727,"result":"SUCCESS","children":[{"number":3,"description":"Loadgetrequestdata authenticated: https://uat1.merchantportal.firstdata.eu/MerchantApiWeb/rest/secure/user/getUserList, f6dc3cee-ef74-4741-9dc1-1a918c95f776","duration":0,"startTime":1508937386747,"result":"SUCCESS"}]},{"number":4,"description":"When post get request for getUserList \"https://uat1.merchantportal.firstdata.eu/MerchantApiWeb/rest/secure/user/getUserList\" and \"1\" and \"Active\" and \"BusinessOwner\" and \"Demo\" and \"Demo\" and \"\"","duration":1728,"startTime":1508937386747,"result":"SUCCESS","children":[{"number":5,"description":"Post GET request get user list: https://uat1.merchantportal.firstdata.eu/MerchantApiWeb/rest/secure/user/getUserList, , Active, BusinessOwner, Demo, Demo, 1","duration":1700,"startTime":1508937386757,"result":"SUCCESS","children":[{"number":6,"description":"GET https://uat1.merchantportal.firstdata.eu/MerchantApiWeb/rest/secure/user/getUserList?pageNumber\u003d\u0026accountStatus\u003dActive\u0026profile\u003dBusinessOwner\u0026firstName\u003dDemo\u0026lastName\u003dDemo\u0026userName\u003d1\r\r","duration":0,"startTime":1508937388453,"result":"SUCCESS","restQuery":{"method":"GET","path":"https://uat1.merchantportal.firstdata.eu/MerchantApiWeb/rest/secure/user/getUserList?pageNumber\u003d\u0026accountStatus\u003dActive\u0026profile\u003dBusinessOwner\u0026firstName\u003dDemo\u0026lastName\u003dDemo\u0026userName\u003d1\r\r","content":"\r","contentType":"null","requestHeaders":"X-CSRF-TOKEN\u003df6dc3cee-ef74-4741-9dc1-1a918c95f776\r\n\t\t\t\tcontentType\u003dapplication/json\r\n\t\t\t\tAccept\u003d*/*\r\r","requestCookies":"JSESSIONID\u003dstl9VrBCOcZaGzaq5CFFVrpI8FnWqx_2zMA26F3e.r4cvap1027.1dc.com.MP.WEB\r\n\t\t\t\tROUTEID\u003d.1\r\n\t\t\t\tNSC_JOqw1kkzeidmffcdwhbqrydvw1gkccQ\u003dffffffff09425abb45525d5f4f58455e445a4a42378b\r\r","responseHeaders":"Date: Wed, 25 Oct 2017 13:16:28 GMT\nServer: Apache\nX-Frame-Options: SAMEORIGIN\nExpires: 0\nCache-Control: no-cache, no-store, max-age\u003d0, must-revalidate\nAccess-Control-Allow-Headers: Origin, X-Requested-With, Content-Type, Accept ,X-CSRF-TOKEN\nX-XSS-Protection: 1; mode\u003dblock\nPragma: no-cache\nStrict-Transport-Security: max-age\u003d31536000 ; includeSubDomains\nAccess-Control-Allow-Methods: POST, GET, PUT, OPTIONS, DELETE, PATCH\nX-CSRF-PARAM: _csrf\nX-Frame-Options: DENY\nX-CSRF-HEADER: X-CSRF-TOKEN\nX-CSRF-TOKEN: f6dc3cee-ef74-4741-9dc1-1a918c95f776\nX-Content-Type-Options: nosniff\nContent-Type: application/json; charset\u003dUTF-8\nAccess-Control-Max-Age: 3600\nKeep-Alive: timeout\u003d10\nConnection: Keep-Alive\nTransfer-Encoding: chunked\r","responseCookies":"\r","responseBody":"{\n    \"status\": \"success\",\n    \"response\": {\n        \"userList\": [\n            {\n                \"firstName\": \"SRI\",\n                \"lastName\": \"nath\",\n                \"userName\": \"NFTEMS001\",\n                \"emailId\": \"srinath.tirupatisridharan@cognizant.com\",\n                \"profiles\": [\n                    \"BusinessOwner\"\n                ],\n                \"accountStatus\": \"ACTIVE\",\n                \"mobileNumber\": \"919962560226\",\n                \"parentMerchId\": \"75924101\",\n                \"lastLoginDate\": 1506489530000,\n                \"phoneNumber\": \"660663554\"\n            },\n            {\n                \"firstName\": \"sri\",\n                \"lastName\": \"nath\",\n                \"userName\": \"emsperfuat21\",\n                \"emailId\": \"srinath.tirupatisridharan@cognizant.com\",\n                \"profiles\": [\n                    \"BusinessOwner\"\n                ],\n                \"accountStatus\": \"ACTIVE\",\n                \"mobileNumber\": \"919962560226\",\n                \"parentMerchId\": \"75924101\",\n                \"lastLoginDate\": 1504861485000,\n                \"phoneNumber\": null\n            },\n            {\n                \"firstName\": \"sri\",\n                \"lastName\": \"nath\",\n                \"userName\": \"emsperfuat17\",\n                \"emailId\": \"srinath.tirupatisridharan@cognizant.com\",\n                \"profiles\": [\n                    \"BusinessOwner\"\n                ],\n                \"accountStatus\": \"ACTIVE\",\n                \"mobileNumber\": \"919962560226\",\n                \"parentMerchId\": \"75924101\",\n                \"lastLoginDate\": 1504859134000,\n                \"phoneNumber\": null\n            },\n            {\n                \"firstName\": \"SRI\",\n                \"lastName\": \"NATH\",\n                \"userName\": \"PERFUAT11\",\n                \"emailId\": \"srinath.tirupatisridharan@cognizant.com\",\n                \"profiles\": [\n                    \"BusinessOwner\"\n                ],\n                \"accountStatus\": \"ACTIVE\",\n                \"mobileNumber\": \"919962560226\",\n                \"parentMerchId\": \"75924101\",\n                \"lastLoginDate\": null,\n                \"phoneNumber\": null\n            },\n            {\n                \"firstName\": \"Michal\",\n                \"lastName\": \"Test\",\n                \"userName\": \"bo_test12345\",\n                \"emailId\": \"michal.bohn@firstdata.pl\",\n                \"profiles\": [\n                    \"BusinessOwner\"\n                ],\n                \"accountStatus\": \"ACTIVE\",\n                \"mobileNumber\": \"48607351704\",\n                \"parentMerchId\": \"75924101\",\n                \"lastLoginDate\": null,\n                \"phoneNumber\": null\n            }\n        ],\n        \"pageCount\": 1,\n        \"pageNumber\": 1,\n        \"recordCount\": 5,\n        \"message\": \"Records Available\"\n    },\n    \"errors\": null\n}","statusCode":200}}]}]},{"number":7,"description":"Then verify getUserList response status \"success\" and \"\" and \"\" and \"\" and \"\" and \"\"","duration":47,"startTime":1508937388475,"result":"SUCCESS","children":[{"number":8,"description":"Verify Response","duration":32,"startTime":1508937388475,"result":"SUCCESS"}]}]},{"number":9,"description":"[1] {report\u003dTC02, appurl\u003dhttps://uat1.merchantportal.firstdata.eu/MerchantApiWeb/rest/secure/user/getUserList, status\u003dsuccess, Message\u003d, ErrorCode\u003d, userName\u003d, password\u003d, allianceCode\u003d, AuthErrMessage\u003d, Authaccessdenied\u003d, AuthErrCause\u003d, currency\u003d, userType\u003d, pageNumber\u003d1, accountStatus\u003dINACTIVE, profile\u003dBusinessOwner, firstName\u003dDemo, lastName\u003dDemo}","duration":1178,"startTime":1508937388554,"result":"SUCCESS","children":[{"number":10,"description":"Given load request for getUserList \"https://uat1.merchantportal.firstdata.eu/MerchantApiWeb/rest/secure/user/getUserList\" and \"TC02\"","duration":0,"startTime":1508937388570,"result":"SUCCESS","children":[{"number":11,"description":"Loadgetrequestdata authenticated: https://uat1.merchantportal.firstdata.eu/MerchantApiWeb/rest/secure/user/getUserList, f6dc3cee-ef74-4741-9dc1-1a918c95f776","duration":0,"startTime":1508937388570,"result":"SUCCESS"}]},{"number":12,"description":"When post get request for getUserList \"https://uat1.merchantportal.firstdata.eu/MerchantApiWeb/rest/secure/user/getUserList\" and \"1\" and \"INACTIVE\" and \"BusinessOwner\" and \"Demo\" and \"Demo\" and \"\"","duration":1094,"startTime":1508937388586,"result":"SUCCESS","children":[{"number":13,"description":"Post GET request get user list: https://uat1.merchantportal.firstdata.eu/MerchantApiWeb/rest/secure/user/getUserList, , INACTIVE, BusinessOwner, Demo, Demo, 1","duration":1092,"startTime":1508937388586,"result":"SUCCESS","children":[{"number":14,"description":"GET https://uat1.merchantportal.firstdata.eu/MerchantApiWeb/rest/secure/user/getUserList?pageNumber\u003d\u0026accountStatus\u003dINACTIVE\u0026profile\u003dBusinessOwner\u0026firstName\u003dDemo\u0026lastName\u003dDemo\u0026userName\u003d1\r\r","duration":0,"startTime":1508937389674,"result":"SUCCESS","restQuery":{"method":"GET","path":"https://uat1.merchantportal.firstdata.eu/MerchantApiWeb/rest/secure/user/getUserList?pageNumber\u003d\u0026accountStatus\u003dINACTIVE\u0026profile\u003dBusinessOwner\u0026firstName\u003dDemo\u0026lastName\u003dDemo\u0026userName\u003d1\r\r","content":"\r","contentType":"null","requestHeaders":"X-CSRF-TOKEN\u003df6dc3cee-ef74-4741-9dc1-1a918c95f776\r\n\t\t\t\tcontentType\u003dapplication/json\r\n\t\t\t\tAccept\u003d*/*\r\r","requestCookies":"JSESSIONID\u003dstl9VrBCOcZaGzaq5CFFVrpI8FnWqx_2zMA26F3e.r4cvap1027.1dc.com.MP.WEB\r\n\t\t\t\tROUTEID\u003d.1\r\n\t\t\t\tNSC_JOqw1kkzeidmffcdwhbqrydvw1gkccQ\u003dffffffff09425abb45525d5f4f58455e445a4a42378b\r\r","responseHeaders":"Date: Wed, 25 Oct 2017 13:16:29 GMT\nServer: Apache\nX-Frame-Options: SAMEORIGIN\nExpires: 0\nCache-Control: no-cache, no-store, max-age\u003d0, must-revalidate\nAccess-Control-Allow-Headers: Origin, X-Requested-With, Content-Type, Accept ,X-CSRF-TOKEN\nX-XSS-Protection: 1; mode\u003dblock\nPragma: no-cache\nStrict-Transport-Security: max-age\u003d31536000 ; includeSubDomains\nAccess-Control-Allow-Methods: POST, GET, PUT, OPTIONS, DELETE, PATCH\nX-CSRF-PARAM: _csrf\nX-Frame-Options: DENY\nX-CSRF-HEADER: X-CSRF-TOKEN\nX-CSRF-TOKEN: f6dc3cee-ef74-4741-9dc1-1a918c95f776\nX-Content-Type-Options: nosniff\nContent-Type: application/json; charset\u003dUTF-8\nAccess-Control-Max-Age: 3600\nKeep-Alive: timeout\u003d10\nConnection: Keep-Alive\nTransfer-Encoding: chunked\r","responseCookies":"\r","responseBody":"{\n    \"status\": \"success\",\n    \"response\": {\n        \"userList\": [\n            {\n                \"firstName\": \"Michal\",\n                \"lastName\": \"Test\",\n                \"userName\": \"michal1002\",\n                \"emailId\": \"michal.bohn@firstdata.pl\",\n                \"profiles\": [\n                    \"BusinessOwner\"\n                ],\n                \"accountStatus\": \"INACTIVE\",\n                \"mobileNumber\": \"123456789012345\",\n                \"parentMerchId\": \"75924101\",\n                \"lastLoginDate\": null,\n                \"phoneNumber\": null\n            },\n            {\n                \"firstName\": \"Michal\",\n                \"lastName\": \"Test\",\n                \"userName\": \"michal1001\",\n                \"emailId\": \"michal.bohn@firstdata.pl\",\n                \"profiles\": [\n                    \"BusinessOwner\"\n                ],\n                \"accountStatus\": \"INACTIVE\",\n                \"mobileNumber\": \"123456789\",\n                \"parentMerchId\": \"75924101\",\n                \"lastLoginDate\": null,\n                \"phoneNumber\": null\n            },\n            {\n                \"firstName\": \"Michal\",\n                \"lastName\": \"Sanitysep\",\n                \"userName\": \"um_sanity18\",\n                \"emailId\": \"michal.bohn@firstdata.pl\",\n                \"profiles\": [\n                    \"BusinessOwner\"\n                ],\n                \"accountStatus\": \"INACTIVE\",\n                \"mobileNumber\": \"48607351704\",\n                \"parentMerchId\": \"75924101\",\n                \"lastLoginDate\": null,\n                \"phoneNumber\": null\n            },\n            {\n                \"firstName\": \"EmsNft\",\n                \"lastName\": \"Test\",\n                \"userName\": \"emstest001\",\n                \"emailId\": \"rahul.bhutani@cognizant.com\",\n                \"profiles\": [\n                    \"BusinessOwner\"\n                ],\n                \"accountStatus\": \"INACTIVE\",\n                \"mobileNumber\": \"919873742787\",\n                \"parentMerchId\": \"75924101\",\n                \"lastLoginDate\": null,\n                \"phoneNumber\": null\n            },\n            {\n                \"firstName\": \"sri\",\n                \"lastName\": \"nath\",\n                \"userName\": \"emsperfuat16\",\n                \"emailId\": \"srinath.tirupatisridharan@cognizant.com\",\n                \"profiles\": [\n                    \"BusinessOwner\"\n                ],\n                \"accountStatus\": \"INACTIVE\",\n                \"mobileNumber\": \"919962560226\",\n                \"parentMerchId\": \"75924101\",\n                \"lastLoginDate\": null,\n                \"phoneNumber\": null\n            },\n            {\n                \"firstName\": \"sri\",\n                \"lastName\": \"nath\",\n                \"userName\": \"PERFUAT15\",\n                \"emailId\": \"srinath.tirupatisridharan@cognizant.com\",\n                \"profiles\": [\n                    \"BusinessOwner\"\n                ],\n                \"accountStatus\": \"INACTIVE\",\n                \"mobileNumber\": \"919962560226\",\n                \"parentMerchId\": \"75924101\",\n                \"lastLoginDate\": null,\n                \"phoneNumber\": null\n            },\n            {\n                \"firstName\": \"sri\",\n                \"lastName\": \"nath\",\n                \"userName\": \"PERFUAT14\",\n                \"emailId\": \"srinath.tirupatisridharan@cognizant.com\",\n                \"profiles\": [\n                    \"BusinessOwner\"\n                ],\n                \"accountStatus\": \"INACTIVE\",\n                \"mobileNumber\": \"919962560226\",\n                \"parentMerchId\": \"75924101\",\n                \"lastLoginDate\": null,\n                \"phoneNumber\": null\n            },\n            {\n                \"firstName\": \"sri\",\n                \"lastName\": \"nath\",\n                \"userName\": \"perfuat13\",\n                \"emailId\": \"srinath.tirupatisridharan@cognizant.com\",\n                \"profiles\": [\n                    \"BusinessOwner\"\n                ],\n                \"accountStatus\": \"INACTIVE\",\n                \"mobileNumber\": \"919962560226\",\n                \"parentMerchId\": \"75924101\",\n                \"lastLoginDate\": null,\n                \"phoneNumber\": null\n            },\n            {\n                \"firstName\": \"NFT\",\n                \"lastName\": \"NIL\",\n                \"userName\": \"PERFUAT1\",\n                \"emailId\": \"srinath.tirupatisridharan@cognizant.com\",\n                \"profiles\": [\n                    \"BusinessOwner\"\n                ],\n                \"accountStatus\": \"INACTIVE\",\n                \"mobileNumber\": \"919962560226\",\n                \"parentMerchId\": \"75924101\",\n                \"lastLoginDate\": null,\n                \"phoneNumber\": null\n            }\n        ],\n        \"pageCount\": 1,\n        \"pageNumber\": 1,\n        \"recordCount\": 9,\n        \"message\": \"Records Available\"\n    },\n    \"errors\": null\n}","statusCode":200}}]}]},{"number":15,"description":"Then verify getUserList response status \"success\" and \"\" and \"\" and \"\" and \"\" and \"\"","duration":52,"startTime":1508937389680,"result":"SUCCESS","children":[{"number":16,"description":"Verify Response","duration":13,"startTime":1508937389693,"result":"SUCCESS"}]}]},{"number":17,"description":"[1] {report\u003dTC03, appurl\u003dhttps://uat1.merchantportal.firstdata.eu/MerchantApiWeb/rest/secure/user/getUserList, status\u003dsuccess, Message\u003d, ErrorCode\u003d, userName\u003d, password\u003d, allianceCode\u003d, AuthErrMessage\u003d, Authaccessdenied\u003d, AuthErrCause\u003d, currency\u003d, userType\u003d, pageNumber\u003d1, accountStatus\u003dBLOCKED, profile\u003dBusinessOwner, firstName\u003dDemo, lastName\u003dDemo}","duration":1144,"startTime":1508937389786,"result":"SUCCESS","children":[{"number":18,"description":"Given load request for getUserList \"https://uat1.merchantportal.firstdata.eu/MerchantApiWeb/rest/secure/user/getUserList\" and \"TC03\"","duration":20,"startTime":1508937389806,"result":"SUCCESS","children":[{"number":19,"description":"Loadgetrequestdata authenticated: https://uat1.merchantportal.firstdata.eu/MerchantApiWeb/rest/secure/user/getUserList, f6dc3cee-ef74-4741-9dc1-1a918c95f776","duration":0,"startTime":1508937389826,"result":"SUCCESS"}]},{"number":20,"description":"When post get request for getUserList \"https://uat1.merchantportal.firstdata.eu/MerchantApiWeb/rest/secure/user/getUserList\" and \"1\" and \"BLOCKED\" and \"BusinessOwner\" and \"Demo\" and \"Demo\" and \"\"","duration":1054,"startTime":1508937389826,"result":"SUCCESS","children":[{"number":21,"description":"Post GET request get user list: https://uat1.merchantportal.firstdata.eu/MerchantApiWeb/rest/secure/user/getUserList, , BLOCKED, BusinessOwner, Demo, Demo, 1","duration":1031,"startTime":1508937389836,"result":"SUCCESS","children":[{"number":22,"description":"GET https://uat1.merchantportal.firstdata.eu/MerchantApiWeb/rest/secure/user/getUserList?pageNumber\u003d\u0026accountStatus\u003dBLOCKED\u0026profile\u003dBusinessOwner\u0026firstName\u003dDemo\u0026lastName\u003dDemo\u0026userName\u003d1\r\r","duration":1,"startTime":1508937390866,"result":"SUCCESS","restQuery":{"method":"GET","path":"https://uat1.merchantportal.firstdata.eu/MerchantApiWeb/rest/secure/user/getUserList?pageNumber\u003d\u0026accountStatus\u003dBLOCKED\u0026profile\u003dBusinessOwner\u0026firstName\u003dDemo\u0026lastName\u003dDemo\u0026userName\u003d1\r\r","content":"\r","contentType":"null","requestHeaders":"X-CSRF-TOKEN\u003df6dc3cee-ef74-4741-9dc1-1a918c95f776\r\n\t\t\t\tcontentType\u003dapplication/json\r\n\t\t\t\tAccept\u003d*/*\r\r","requestCookies":"JSESSIONID\u003dstl9VrBCOcZaGzaq5CFFVrpI8FnWqx_2zMA26F3e.r4cvap1027.1dc.com.MP.WEB\r\n\t\t\t\tROUTEID\u003d.1\r\n\t\t\t\tNSC_JOqw1kkzeidmffcdwhbqrydvw1gkccQ\u003dffffffff09425abb45525d5f4f58455e445a4a42378b\r\r","responseHeaders":"Date: Wed, 25 Oct 2017 13:16:30 GMT\nServer: Apache\nX-Frame-Options: SAMEORIGIN\nExpires: 0\nCache-Control: no-cache, no-store, max-age\u003d0, must-revalidate\nAccess-Control-Allow-Headers: Origin, X-Requested-With, Content-Type, Accept ,X-CSRF-TOKEN\nX-XSS-Protection: 1; mode\u003dblock\nPragma: no-cache\nStrict-Transport-Security: max-age\u003d31536000 ; includeSubDomains\nAccess-Control-Allow-Methods: POST, GET, PUT, OPTIONS, DELETE, PATCH\nX-CSRF-PARAM: _csrf\nX-Frame-Options: DENY\nX-CSRF-HEADER: X-CSRF-TOKEN\nX-CSRF-TOKEN: f6dc3cee-ef74-4741-9dc1-1a918c95f776\nX-Content-Type-Options: nosniff\nContent-Type: application/json; charset\u003dUTF-8\nAccess-Control-Max-Age: 3600\nKeep-Alive: timeout\u003d10\nConnection: Keep-Alive\nTransfer-Encoding: chunked\r","responseCookies":"\r","responseBody":"{\n    \"status\": \"success\",\n    \"response\": {\n        \"userList\": [\n            \n        ],\n        \"pageCount\": 0,\n        \"pageNumber\": 1,\n        \"recordCount\": 0,\n        \"message\": \"No Records found\"\n    },\n    \"errors\": null\n}","statusCode":200}}]}]},{"number":23,"description":"Then verify getUserList response status \"success\" and \"\" and \"\" and \"\" and \"\" and \"\"","duration":50,"startTime":1508937390880,"result":"SUCCESS","children":[{"number":24,"description":"Verify Response","duration":30,"startTime":1508937390880,"result":"SUCCESS"}]}]}],"userStory":{"id":"merchant-portal-application-api-validation","storyName":"Merchant Portal application API validation","path":"APIupdate.feature","type":"feature"},"featureTag":{"name":"Merchant Portal application API validation","type":"feature"},"title":"Verify the api retrieves the User\u0027s list","description":"","tags":[{"name":"getUserList","type":"tag"}],"startTime":1508937386717,"duration":4213,"dataTable":{"headers":["report","appurl","status","Message","ErrorCode","userName","password","allianceCode","AuthErrMessage","Authaccessdenied","AuthErrCause","currency","userType","pageNumber","accountStatus","profile","firstName","lastName"],"rows":[{"values":["TC01","https://uat1.merchantportal.firstdata.eu/MerchantApiWeb/rest/secure/user/getUserList","success","","","","","","","","","","","1","Active","BusinessOwner","Demo","Demo"],"result":"SUCCESS"},{"values":["TC02","https://uat1.merchantportal.firstdata.eu/MerchantApiWeb/rest/secure/user/getUserList","success","","","","","","","","","","","1","INACTIVE","BusinessOwner","Demo","Demo"],"result":"SUCCESS"},{"values":["TC03","https://uat1.merchantportal.firstdata.eu/MerchantApiWeb/rest/secure/user/getUserList","success","","","","","","","","","","","1","BLOCKED","BusinessOwner","Demo","Demo"],"result":"SUCCESS"}],"predefinedRows":true,"dataSetDescriptors":[{"startRow":0,"rowCount":0,"name":"","description":""}]},"manual":false,"testSource":"Cucumber","result":"SUCCESS"}