{"name":"Verify the details of the Merchant portal application","testSteps":[{"number":1,"description":"[1] {report\u003dTC01, appurl\u003dhttps://uat1.merchantportal.firstdata.eu/MerchantApiWeb/rest/applicationInfo, status\u003dsuccess, Message\u003d, ErrorCode\u003d, userName\u003d, password\u003d, allianceCode\u003d, AuthErrMessage\u003d, Authaccessdenied\u003d, AuthErrCause\u003d}","duration":1044,"startTime":1508839361400,"result":"SUCCESS","children":[{"number":2,"description":"Given load request for application info \"https://uat1.merchantportal.firstdata.eu/MerchantApiWeb/rest/applicationInfo\" and \"TC01\"","duration":19,"startTime":1508839361413,"result":"SUCCESS","children":[{"number":3,"description":"Loadgetrequestdata: https://uat1.merchantportal.firstdata.eu/MerchantApiWeb/rest/applicationInfo","duration":1,"startTime":1508839361427,"result":"SUCCESS"}]},{"number":4,"description":"When post get request for application info \"https://uat1.merchantportal.firstdata.eu/MerchantApiWeb/rest/applicationInfo\"","duration":963,"startTime":1508839361432,"result":"SUCCESS","children":[{"number":5,"description":"Post GET request: https://uat1.merchantportal.firstdata.eu/MerchantApiWeb/rest/applicationInfo","duration":945,"startTime":1508839361436,"result":"SUCCESS","children":[{"number":6,"description":"GET https://uat1.merchantportal.firstdata.eu/MerchantApiWeb/rest/applicationInfo\r\r","duration":0,"startTime":1508839362381,"result":"SUCCESS","restQuery":{"method":"GET","path":"https://uat1.merchantportal.firstdata.eu/MerchantApiWeb/rest/applicationInfo\r\r","content":"\r","contentType":"null","requestHeaders":"contentType\u003dapplication/json\r\n\t\t\t\tAccept\u003d*/*\r\r","requestCookies":"\r\r","responseHeaders":"Date: Tue, 24 Oct 2017 10:02:42 GMT\nServer: Apache\nX-Frame-Options: SAMEORIGIN\nExpires: 0\nCache-Control: no-cache, no-store, max-age\u003d0, must-revalidate\nAccess-Control-Allow-Headers: Origin, X-Requested-With, Content-Type, Accept ,X-CSRF-TOKEN\nX-XSS-Protection: 1; mode\u003dblock\nPragma: no-cache\nStrict-Transport-Security: max-age\u003d31536000 ; includeSubDomains\nAccess-Control-Allow-Methods: POST, GET, PUT, OPTIONS, DELETE, PATCH\nX-CSRF-PARAM: _csrf\nX-Frame-Options: DENY\nX-CSRF-HEADER: X-CSRF-TOKEN\nX-CSRF-TOKEN: 4a718e37-adff-463a-82be-515aef2bf8f8\nX-Content-Type-Options: nosniff\nContent-Type: application/json;charset\u003dUTF-8\nAccess-Control-Max-Age: 3600\nSet-Cookie: JSESSIONID\u003dOco1iLgt_RaR2c5ir3VUBdye8lAa4VcFoDGJbPfV.r4cvap1027.1dc.com.MP.WEB; path\u003d/MerchantApiWeb;HttpOnly;Secure\nSet-Cookie: ROUTEID\u003d.1; path\u003d/;HttpOnly;Secure\nKeep-Alive: timeout\u003d10\nConnection: Keep-Alive\nTransfer-Encoding: chunked\nSet-Cookie: NSC_JOqw1kkzeidmffcdwhbqrydvw1gkccQ\u003dffffffff09425abb45525d5f4f58455e445a4a42378b;path\u003d/;secure;httponly\r","responseCookies":"JSESSIONID\u003dOco1iLgt_RaR2c5ir3VUBdye8lAa4VcFoDGJbPfV.r4cvap1027.1dc.com.MP.WEB;Path\u003d/MerchantApiWeb;Secure;HttpOnly\nROUTEID\u003d.1;Path\u003d/;Secure;HttpOnly\nNSC_JOqw1kkzeidmffcdwhbqrydvw1gkccQ\u003dffffffff09425abb45525d5f4f58455e445a4a42378b;Path\u003d/;Secure;HttpOnly\r","responseBody":"{\n    \"status\": \"success\",\n    \"response\": {\n        \"appName\": \"Merchant Portal\",\n        \"versionNumber\": \"20171023120226\",\n        \"buildDate\": \"2017-10-23\"\n    },\n    \"errors\": null\n}","statusCode":200}}]}]},{"number":7,"description":"Then verify application info response status \"success\"","duration":49,"startTime":1508839362395,"result":"SUCCESS","children":[{"number":8,"description":"Verify Response","duration":27,"startTime":1508839362398,"result":"SUCCESS"}]}]},{"number":9,"description":"[1] {report\u003dTC01, appurl\u003dhttps://uat1.merchantportal.firstdata.eu/MerchantApiWeb/authenticateUser, status\u003dsuccess, Message\u003d, ErrorCode\u003d, userName\u003dDemoAccount1, password\u003dPassword@1, allianceCode\u003dEMS, AuthErrMessage\u003d, Authaccessdenied\u003d, AuthErrCause\u003d}","duration":1718,"startTime":1508839362762,"result":"SUCCESS","children":[{"number":10,"description":"Given load request for user authentication \"https://uat1.merchantportal.firstdata.eu/MerchantApiWeb/authenticateUser\" and \"TC01\"","duration":19,"startTime":1508839362781,"result":"SUCCESS","children":[{"number":11,"description":"Loadgetrequestdata: https://uat1.merchantportal.firstdata.eu/MerchantApiWeb/authenticateUser","duration":1,"startTime":1508839362793,"result":"SUCCESS"}]},{"number":12,"description":"When post request for user authentication \"https://uat1.merchantportal.firstdata.eu/MerchantApiWeb/authenticateUser\" and \"DemoAccount1\" and \"Password@1\" and \"EMS\"","duration":1620,"startTime":1508839362800,"result":"SUCCESS","children":[{"number":13,"description":"Post ND: https://uat1.merchantportal.firstdata.eu/MerchantApiWeb/authenticateUser, DemoAccount1, Password@1, EMS","duration":1585,"startTime":1508839362817,"result":"SUCCESS","children":[{"number":14,"description":"POST https://uat1.merchantportal.firstdata.eu/MerchantApiWeb/authenticateUser\r\r","duration":0,"startTime":1508839364402,"result":"SUCCESS","restQuery":{"method":"POST","path":"https://uat1.merchantportal.firstdata.eu/MerchantApiWeb/authenticateUser\r\r","content":"\r","contentType":"null","requestHeaders":"Accept\u003d*/*\r\n\t\t\t\tContent-Type\u003dapplication/x-www-form-urlencoded; charset\u003dISO-8859-1\r\r","requestCookies":"\r\r","responseHeaders":"Date: Tue, 24 Oct 2017 10:02:44 GMT\nServer: Apache\nX-Frame-Options: SAMEORIGIN\nExpires: 0\nCache-Control: no-cache, no-store, max-age\u003d0, must-revalidate\nAccess-Control-Allow-Headers: Origin, X-Requested-With, Content-Type, Accept, X-CSRF-TOKEN\nX-XSS-Protection: 1; mode\u003dblock\nPragma: no-cache\nStrict-Transport-Security: max-age\u003d31536000 ; includeSubDomains\nAccess-Control-Allow-Methods: POST, GET, PUT, OPTIONS, DELETE, PATCH\nX-CSRF-PARAM: _csrf\nX-Frame-Options: DENY\nX-CSRF-HEADER: X-CSRF-TOKEN\nX-CSRF-TOKEN: efeb4a2b-6efb-4670-bf64-44ebaf8a6fe5\nAccess-Control-Allow-Origin: *\nX-Auth-Token: CbpMF5y5dHADjjeFYJ98E8AYjS+H+JmHOJ+Azvw3H4s\u003d\nX-Content-Type-Options: nosniff\nContent-Type: application/json;charset\u003dISO-8859-1\nAccess-Control-Max-Age: 3600\nSet-Cookie: JSESSIONID\u003d0zxxkzuc0AKiIgDePB6n2BkutNwYLmCiF2vctNba.r4cvap1027.1dc.com.MP.WEB; path\u003d/MerchantApiWeb;HttpOnly;Secure\nSet-Cookie: ROUTEID\u003d.1; path\u003d/;HttpOnly;Secure\nKeep-Alive: timeout\u003d10\nConnection: Keep-Alive\nTransfer-Encoding: chunked\nSet-Cookie: NSC_JOqw1kkzeidmffcdwhbqrydvw1gkccQ\u003dffffffff09425abb45525d5f4f58455e445a4a42378b;path\u003d/;secure;httponly\r","responseCookies":"JSESSIONID\u003d0zxxkzuc0AKiIgDePB6n2BkutNwYLmCiF2vctNba.r4cvap1027.1dc.com.MP.WEB;Path\u003d/MerchantApiWeb;Secure;HttpOnly\nROUTEID\u003d.1;Path\u003d/;Secure;HttpOnly\nNSC_JOqw1kkzeidmffcdwhbqrydvw1gkccQ\u003dffffffff09425abb45525d5f4f58455e445a4a42378b;Path\u003d/;Secure;HttpOnly\r","responseBody":"{\n    \"status\": \"success\",\n    \"response\": {\n        \"firstName\": \"Demo\",\n        \"lastName\": \"Demo\",\n        \"userName\": \"DemoAccount1\",\n        \"emailAddress\": \"vikram.pillai@firstdata.com\",\n        \"mobileNumber\": \"447446702755\",\n        \"accountExpirationDate\": null,\n        \"accountStatus\": \"ACTIVE\",\n        \"passwordExpirationDate\": 1517767076000,\n        \"lastLoginDate\": 1508839358000,\n        \"allianceCode\": \"EMS\",\n        \"authorities\": [\n            {\n                \"authority\": \"4\"\n            }\n        ],\n        \"acceptedTC\": 1005061,\n        \"latestTC\": 1005061,\n        \"expirePasswordFlag\": 0,\n        \"demoFlag\": 0,\n        \"timezone\": \"Europe/Bratislava\",\n        \"merchantIds\": [\n            1217015\n        ],\n        \"sessionExpTime\": 6000,\n        \"permissions\": [\n            \"FAREFUND\",\n            \"DFWidget\",\n            \"MSGPRINT\",\n            \"FAPREAUTHLIST\",\n            \"DYNMWIDGET\",\n            \"FAFView\",\n            \"ACCESSPORTAL\",\n            \"FAPREAUTHEX\",\n            \"FAPREAUTHSUM\",\n            \"FARECPAYSUM\",\n            \"FACOMPLETE\",\n            \"FATView\",\n            \"FAVOID\",\n            \"FAAView\",\n            \"DPWidget\",\n            \"FAEXA\",\n            \"MHDATA\",\n            \"SUBACCDET\",\n            \"BOFLAG\",\n            \"FAQX\",\n            \"DSWidget\",\n            \"MHDATATER\",\n            \"FCREUSER\",\n            \"FDLTUSR\",\n            \"GENERICX\",\n            \"FAEXF\",\n            \"FAEXT\",\n            \"FBLKUSR\",\n            \"CRTUSRID\",\n            \"DAWidget\",\n            \"MHDATAPOS\",\n            \"FARECPAYLIST\"\n        ],\n        \"markedToExpire\": 0,\n        \"tourFlag\": 0,\n        \"userViewPermissions\": {\n            \"hasPreAuth\": true,\n            \"hasRecurringPayment\": false,\n            \"hasUserManagement\": true\n        }\n    },\n    \"errors\": null\n}","statusCode":200}}]}]},{"number":15,"description":"Then verify user authentication response \"success\" and \"\" and \"\" and \"\" and \"\" and \"\"","duration":59,"startTime":1508839364421,"result":"SUCCESS","children":[{"number":16,"description":"Verify Response","duration":29,"startTime":1508839364433,"result":"SUCCESS"}]}]}],"userStory":{"id":"merchant-portal-application-api-validation","storyName":"Merchant Portal application API validation","path":"APIupdate1.feature","type":"feature"},"featureTag":{"name":"Merchant Portal application API validation","type":"feature"},"title":"Verify the details of the Merchant portal application","description":"","tags":[{"name":"applicationinfo","type":"tag"}],"startTime":1508839361399,"duration":3081,"dataTable":{"headers":["report","appurl","status","Message","ErrorCode","userName","password","allianceCode","AuthErrMessage","Authaccessdenied","AuthErrCause"],"rows":[{"values":["TC01","https://uat1.merchantportal.firstdata.eu/MerchantApiWeb/rest/applicationInfo","success","","","","","","","",""],"result":"SUCCESS"},{"values":["Password@1","EMS","","","TC01","","https://uat1.merchantportal.firstdata.eu/MerchantApiWeb/authenticateUser","","DemoAccount1","","success"],"result":"SUCCESS"}],"predefinedRows":true,"dataSetDescriptors":[{"startRow":0,"rowCount":1,"name":"","description":""},{"startRow":1,"rowCount":0,"name":"","description":""}]},"manual":false,"testSource":"Cucumber","result":"SUCCESS"}