{"name":"Verify the api validate the Username availability","testSteps":[{"number":1,"description":"[1] {report\u003dTC01, appurl\u003dhttps://uat1.merchantportal.firstdata.eu/MerchantApiWeb/rest/secure/user/validateUserName, status\u003dsuccess, Message\u003d, ErrorCode\u003d, userName\u003dTestAccount1, password\u003d, allianceCode\u003d, AuthErrMessage\u003d, Authaccessdenied\u003d, AuthErrCause\u003d, currency\u003d, userType\u003d, pageNumber\u003d, accountStatus\u003d, profile\u003d, firstName\u003d, lastName\u003d}","duration":576,"startTime":1508936679621,"result":"SUCCESS","children":[{"number":2,"description":"Given load request for validateUserName \"https://uat1.merchantportal.firstdata.eu/MerchantApiWeb/rest/secure/user/validateUserName\" and \"TC01\"","duration":166,"startTime":1508936679951,"result":"SUCCESS","children":[{"number":3,"description":"Loadgetrequestdata: https://uat1.merchantportal.firstdata.euhttps://uat1.merchantportal.firstdata.eu/MerchantApiWeb/rest/secure/user/validateUserName","duration":10,"startTime":1508936680097,"result":"SUCCESS"}]},{"number":4,"description":"When post request for validateUserName \"https://uat1.merchantportal.firstdata.eu/MerchantApiWeb/rest/secure/user/validateUserName\" and \"TestAccount1\"","duration":0,"startTime":1508936680177,"result":"PENDING"},{"number":5,"description":"Then verify validateUserName response status \"success\" and \"\" and \"\" and \"\" and \"\" and \"\"","duration":20,"startTime":1508936680177,"result":"IGNORED"}]},{"number":6,"description":"[1] {report\u003dTC02, appurl\u003dhttps://uat1.merchantportal.firstdata.eu/MerchantApiWeb/rest/secure/user/validateUserName, status\u003derror, Message\u003dUsername already registered, ErrorCode\u003dMPBE00007, userName\u003dDemoAccount1, password\u003d, allianceCode\u003d, AuthErrMessage\u003d, Authaccessdenied\u003d, AuthErrCause\u003d, currency\u003d, userType\u003d, pageNumber\u003d, accountStatus\u003d, profile\u003d, firstName\u003d, lastName\u003d}","duration":70,"startTime":1508936680557,"result":"SUCCESS","children":[{"number":7,"description":"Given load request for validateUserName \"https://uat1.merchantportal.firstdata.eu/MerchantApiWeb/rest/secure/user/validateUserName\" and \"TC02\"","duration":40,"startTime":1508936680587,"result":"SUCCESS","children":[{"number":8,"description":"Loadgetrequestdata: https://uat1.merchantportal.firstdata.euhttps://uat1.merchantportal.firstdata.eu/MerchantApiWeb/rest/secure/user/validateUserName","duration":0,"startTime":1508936680617,"result":"SUCCESS"}]},{"number":9,"description":"When post request for validateUserName \"https://uat1.merchantportal.firstdata.eu/MerchantApiWeb/rest/secure/user/validateUserName\" and \"DemoAccount1\"","duration":0,"startTime":1508936680627,"result":"PENDING"},{"number":10,"description":"Then verify validateUserName response status \"error\" and \"MPBE00007\" and \"Username already registered\" and \"\" and \"\" and \"\"","duration":0,"startTime":1508936680627,"result":"IGNORED"}]}],"userStory":{"id":"merchant-portal-application-api-validation","storyName":"Merchant Portal application API validation","path":"APIupdate.feature","type":"feature"},"featureTag":{"name":"Merchant Portal application API validation","type":"feature"},"title":"Verify the api validate the Username availability","description":"","tags":[{"name":"validateUserName","type":"tag"}],"startTime":1508936679511,"duration":1116,"annotatedResult":"PENDING","dataTable":{"headers":["report","appurl","status","Message","ErrorCode","userName","password","allianceCode","AuthErrMessage","Authaccessdenied","AuthErrCause","currency","userType","pageNumber","accountStatus","profile","firstName","lastName"],"rows":[{"values":["TC01","https://uat1.merchantportal.firstdata.eu/MerchantApiWeb/rest/secure/user/validateUserName","success","","","TestAccount1","","","","","","","","","","","",""],"result":"PENDING"},{"values":["TC02","https://uat1.merchantportal.firstdata.eu/MerchantApiWeb/rest/secure/user/validateUserName","error","Username already registered","MPBE00007","DemoAccount1","","","","","","","","","","","",""],"result":"PENDING"}],"predefinedRows":true,"dataSetDescriptors":[{"startRow":0,"rowCount":0,"name":"","description":""}]},"manual":false,"testSource":"Cucumber","result":"PENDING"}