{"name":"Navigate from Message notification to message Summary view","testSteps":[{"number":1,"description":"[1] {report\u003d@MEPOE-5376_Dashboard_navigation, appurl\u003dhttps://uat1.merchantportal.firstdata.eu/emsMerchantUI/#/, username\u003dDemoAccount1, password\u003dPassword@1, Welcome_Text\u003dWelcome}","duration":508,"startTime":1511765378375,"result":"SUCCESS","children":[{"number":2,"description":"Given the EMS portal and configure \"@MEPOE-5376_Dashboard_navigation\"","duration":8,"startTime":1511765378872,"result":"IGNORED"},{"number":3,"description":"And user Navigate to URL \"https://uat1.merchantportal.firstdata.eu/emsMerchantUI/#/\"","duration":1,"startTime":1511765378881,"result":"IGNORED"},{"number":4,"description":"When user enter \"UserName\" as \"DemoAccount1\"","duration":0,"startTime":1511765378882,"result":"IGNORED"},{"number":5,"description":"And user entertext \"Password\" as \"Password@1\"","duration":0,"startTime":1511765378882,"result":"IGNORED"},{"number":6,"description":"When user click Submit login","duration":1,"startTime":1511765378882,"result":"IGNORED"},{"number":7,"description":"Then User should be able to view unread alerts it will appear directly after logging in","duration":0,"startTime":1511765378883,"result":"IGNORED"}]}],"userStory":{"id":"user-login","storyName":"User Login","path":"UIupdate.feature","type":"feature"},"featureTag":{"name":"User Login","type":"feature"},"title":"Navigate from Message notification to message Summary view","description":"","tags":[{"name":"MEPOE-5376_Dashboard_navigation","type":"tag"}],"startTime":1511765378173,"duration":710,"dataTable":{"headers":["report","appurl","username","password","Welcome_Text"],"rows":[{"values":["@MEPOE-5376_Dashboard_navigation","https://uat1.merchantportal.firstdata.eu/emsMerchantUI/#/","DemoAccount1","Password@1","Welcome"],"result":"SUCCESS"}],"predefinedRows":true,"dataSetDescriptors":[{"startRow":0,"rowCount":0,"name":"","description":""}]},"manual":false,"testSource":"Cucumber","result":"SUCCESS"}