{
    "status": "success",
    "response": {
        "firstName": "Demo",
        "lastName": "Demo",
        "userName": "DemoAccount1",
        "emailAddress": "vikram.pillai@firstdata.com",
        "mobileNumber": "447446702755",
        "accountExpirationDate": null,
        "accountStatus": "ACTIVE",
        "passwordExpirationDate": 1517767076000,
        "lastLoginDate": 1508239718000,
        "allianceCode": "EMS",
        "authorities": [
            {
                "authority": "4"
            }
        ],
        "acceptedTC": 1003661,
        "latestTC": 1003661,
        "expirePasswordFlag": 0,
        "demoFlag": 0,
        "timezone": "Europe/Bratislava",
        "merchantIds": [
            1217015
        ],
        "sessionExpTime": 6000,
        "permissions": [
            "FAREFUND",
            "DFWidget",
            "MSGPRINT",
            "FAPREAUTHLIST",
            "DYNMWIDGET",
            "FAFView",
            "ACCESSPORTAL",
            "FAPREAUTHEX",
            "FAPREAUTHSUM",
            "FARECPAYSUM",
            "FACOMPLETE",
            "FATView",
            "FAVOID",
            "FAAView",
            "DPWidget",
            "FAEXA",
            "MHDATA",
            "SUBACCDET",
            "BOFLAG",
            "FAQX",
            "DSWidget",
            "MHDATATER",
            "FCREUSER",
            "FDLTUSR",
            "GENERICX",
            "FAEXF",
            "FAEXT",
            "FBLKUSR",
            "CRTUSRID",
            "DAWidget",
            "MHDATAPOS",
            "FARECPAYLIST"
        ],
        "markedToExpire": 0,
        "tourFlag": 0,
        "userViewPermissions": {
            "hasPreAuth": true,
            "hasRecurringPayment": false,
            "hasUserManagement": true
        }
    },
    "errors": null
}