{"name":"Create the feature file","testSteps":[{"number":1,"description":"Given the Feature file path creattion","duration":8274,"startTime":1508841541861,"result":"SUCCESS"}],"userStory":{"id":"create-feature","storyName":"Create Feature","path":"FeatureCreate.feature","type":"feature"},"featureTag":{"name":"Create Feature","type":"feature"},"title":"Create the feature file","description":"","tags":[{"name":"Create","type":"tag"}],"startTime":1508841541463,"duration":8672,"manual":false,"testSource":"Cucumber","result":"SUCCESS"}