{"name":"Verify the api retrieves the profile list of different user types","testSteps":[{"number":1,"description":"[1] {report\u003dTC01, appurl\u003dhttps://uat1.merchantportal.firstdata.eu/MerchantApiWeb/rest/secure/user/getProfileList, status\u003dsuccess, Message\u003d, ErrorCode\u003d, userName\u003d, password\u003d, allianceCode\u003d, AuthErrMessage\u003d, Authaccessdenied\u003d, AuthErrCause\u003d, currency\u003d, userType\u003dALLIANCE, pageNumber\u003d, accountStatus\u003d, profile\u003d, firstName\u003d, lastName\u003d}","duration":1054,"startTime":1508841658230,"result":"SUCCESS","children":[{"number":2,"description":"Given load request for getProfileList \"https://uat1.merchantportal.firstdata.eu/MerchantApiWeb/rest/secure/user/getProfileList\" and \"TC01\"","duration":18,"startTime":1508841658243,"result":"SUCCESS","children":[{"number":3,"description":"Loadgetrequestdata authenticated: https://uat1.merchantportal.firstdata.eu/MerchantApiWeb/rest/secure/user/getProfileList, 8a036cc5-e67a-40b3-8632-8d6fbbd441a2","duration":1,"startTime":1508841658255,"result":"SUCCESS"}]},{"number":4,"description":"When post get request for getProfileList \"https://uat1.merchantportal.firstdata.eu/MerchantApiWeb/rest/secure/user/getProfileList\" and \"ALLIANCE\"","duration":986,"startTime":1508841658261,"result":"SUCCESS","children":[{"number":5,"description":"Post GET request get profile list: https://uat1.merchantportal.firstdata.eu/MerchantApiWeb/rest/secure/user/getProfileList, ALLIANCE","duration":974,"startTime":1508841658265,"result":"SUCCESS","children":[{"number":6,"description":"GET https://uat1.merchantportal.firstdata.eu/MerchantApiWeb/rest/secure/user/getProfileList?userType\u003dALLIANCE\r\r","duration":0,"startTime":1508841659238,"result":"SUCCESS","restQuery":{"method":"GET","path":"https://uat1.merchantportal.firstdata.eu/MerchantApiWeb/rest/secure/user/getProfileList?userType\u003dALLIANCE\r\r","content":"\r","contentType":"null","requestHeaders":"X-CSRF-TOKEN\u003dnull\r\n\t\t\t\tcontentType\u003dapplication/json\r\n\t\t\t\tAccept\u003d*/*\r\r","requestCookies":"JSESSIONID\u003dzn0U0w0cL-bgkVdY6ddRRt4mnKfL-uNyjtQH-dtx.r4cvap1027.1dc.com.MP.WEB\r\n\t\t\t\tROUTEID\u003d.1\r\n\t\t\t\tNSC_JOqw1kkzeidmffcdwhbqrydvw1gkccQ\u003dffffffff09425abb45525d5f4f58455e445a4a42378b\r\r","responseHeaders":"Date: Tue, 24 Oct 2017 10:40:59 GMT\nServer: Apache\nX-Frame-Options: SAMEORIGIN\nExpires: 0\nCache-Control: no-cache, no-store, max-age\u003d0, must-revalidate\nAccess-Control-Allow-Headers: Origin, X-Requested-With, Content-Type, Accept ,X-CSRF-TOKEN\nX-XSS-Protection: 1; mode\u003dblock\nPragma: no-cache\nStrict-Transport-Security: max-age\u003d31536000 ; includeSubDomains\nAccess-Control-Allow-Methods: POST, GET, PUT, OPTIONS, DELETE, PATCH\nX-CSRF-PARAM: _csrf\nX-Frame-Options: DENY\nX-CSRF-HEADER: X-CSRF-TOKEN\nX-CSRF-TOKEN: 8a036cc5-e67a-40b3-8632-8d6fbbd441a2\nX-Content-Type-Options: nosniff\nContent-Type: application/json; charset\u003dUTF-8\nAccess-Control-Max-Age: 3600\nKeep-Alive: timeout\u003d10\nConnection: Keep-Alive\nTransfer-Encoding: chunked\r","responseCookies":"\r","responseBody":"{\n    \"status\": \"success\",\n    \"response\": [\n        \"AllianceAdminUser\",\n        \"AllianceCallCentreAgent\",\n        \"AllianceSalesAgent\",\n        \"AllianceContentManager\",\n        \"AllianceBoardingAgent\",\n        \"ISNAPCreateUser\"\n    ],\n    \"errors\": null\n}","statusCode":200}}]}]},{"number":7,"description":"Then verify getProfileList response status \"success\" and \"\" and \"\" and \"\" and \"\" and \"\"","duration":36,"startTime":1508841659248,"result":"SUCCESS","children":[{"number":8,"description":"Verify Response","duration":19,"startTime":1508841659250,"result":"SUCCESS"}]}]},{"number":9,"description":"[1] {report\u003dTC02, appurl\u003dhttps://uat1.merchantportal.firstdata.eu/MerchantApiWeb/rest/secure/user/getProfileList, status\u003dsuccess, Message\u003d, ErrorCode\u003d, userName\u003d, password\u003d, allianceCode\u003d, AuthErrMessage\u003d, Authaccessdenied\u003d, AuthErrCause\u003d, currency\u003d, userType\u003dFIRSTDATA, pageNumber\u003d, accountStatus\u003d, profile\u003d, firstName\u003d, lastName\u003d}","duration":930,"startTime":1508841659347,"result":"SUCCESS","children":[{"number":10,"description":"Given load request for getProfileList \"https://uat1.merchantportal.firstdata.eu/MerchantApiWeb/rest/secure/user/getProfileList\" and \"TC02\"","duration":20,"startTime":1508841659361,"result":"SUCCESS","children":[{"number":11,"description":"Loadgetrequestdata authenticated: https://uat1.merchantportal.firstdata.eu/MerchantApiWeb/rest/secure/user/getProfileList, 8a036cc5-e67a-40b3-8632-8d6fbbd441a2","duration":1,"startTime":1508841659374,"result":"SUCCESS"}]},{"number":12,"description":"When post get request for getProfileList \"https://uat1.merchantportal.firstdata.eu/MerchantApiWeb/rest/secure/user/getProfileList\" and \"FIRSTDATA\"","duration":848,"startTime":1508841659381,"result":"SUCCESS","children":[{"number":13,"description":"Post GET request get profile list: https://uat1.merchantportal.firstdata.eu/MerchantApiWeb/rest/secure/user/getProfileList, FIRSTDATA","duration":818,"startTime":1508841659384,"result":"SUCCESS","children":[{"number":14,"description":"GET https://uat1.merchantportal.firstdata.eu/MerchantApiWeb/rest/secure/user/getProfileList?userType\u003dFIRSTDATA\r\r","duration":0,"startTime":1508841660202,"result":"SUCCESS","restQuery":{"method":"GET","path":"https://uat1.merchantportal.firstdata.eu/MerchantApiWeb/rest/secure/user/getProfileList?userType\u003dFIRSTDATA\r\r","content":"\r","contentType":"null","requestHeaders":"X-CSRF-TOKEN\u003dnull\r\n\t\t\t\tcontentType\u003dapplication/json\r\n\t\t\t\tAccept\u003d*/*\r\r","requestCookies":"JSESSIONID\u003dzn0U0w0cL-bgkVdY6ddRRt4mnKfL-uNyjtQH-dtx.r4cvap1027.1dc.com.MP.WEB\r\n\t\t\t\tROUTEID\u003d.1\r\n\t\t\t\tNSC_JOqw1kkzeidmffcdwhbqrydvw1gkccQ\u003dffffffff09425abb45525d5f4f58455e445a4a42378b\r\r","responseHeaders":"Date: Tue, 24 Oct 2017 10:41:00 GMT\nServer: Apache\nX-Frame-Options: SAMEORIGIN\nExpires: 0\nCache-Control: no-cache, no-store, max-age\u003d0, must-revalidate\nAccess-Control-Allow-Headers: Origin, X-Requested-With, Content-Type, Accept ,X-CSRF-TOKEN\nX-XSS-Protection: 1; mode\u003dblock\nPragma: no-cache\nStrict-Transport-Security: max-age\u003d31536000 ; includeSubDomains\nAccess-Control-Allow-Methods: POST, GET, PUT, OPTIONS, DELETE, PATCH\nX-CSRF-PARAM: _csrf\nX-Frame-Options: DENY\nX-CSRF-HEADER: X-CSRF-TOKEN\nX-CSRF-TOKEN: 8a036cc5-e67a-40b3-8632-8d6fbbd441a2\nX-Content-Type-Options: nosniff\nContent-Type: application/json; charset\u003dUTF-8\nAccess-Control-Max-Age: 3600\nKeep-Alive: timeout\u003d10\nConnection: Keep-Alive\nTransfer-Encoding: chunked\r","responseCookies":"\r","responseBody":"{\n    \"status\": \"success\",\n    \"response\": [\n        \n    ],\n    \"errors\": null\n}","statusCode":200}}]}]},{"number":15,"description":"Then verify getProfileList response status \"success\" and \"\" and \"\" and \"\" and \"\" and \"\"","duration":47,"startTime":1508841660230,"result":"SUCCESS","children":[{"number":16,"description":"Verify Response","duration":28,"startTime":1508841660234,"result":"SUCCESS"}]}]},{"number":17,"description":"[1] {report\u003dTC03, appurl\u003dhttps://uat1.merchantportal.firstdata.eu/MerchantApiWeb/rest/secure/user/getProfileList, status\u003dsuccess, Message\u003d, ErrorCode\u003d, userName\u003d, password\u003d, allianceCode\u003d, AuthErrMessage\u003d, Authaccessdenied\u003d, AuthErrCause\u003d, currency\u003d, userType\u003dMERCHANT, pageNumber\u003d, accountStatus\u003d, profile\u003d, firstName\u003d, lastName\u003d}","duration":928,"startTime":1508841660332,"result":"SUCCESS","children":[{"number":18,"description":"Given load request for getProfileList \"https://uat1.merchantportal.firstdata.eu/MerchantApiWeb/rest/secure/user/getProfileList\" and \"TC03\"","duration":50,"startTime":1508841660349,"result":"SUCCESS","children":[{"number":19,"description":"Loadgetrequestdata authenticated: https://uat1.merchantportal.firstdata.eu/MerchantApiWeb/rest/secure/user/getProfileList, 8a036cc5-e67a-40b3-8632-8d6fbbd441a2","duration":1,"startTime":1508841660393,"result":"SUCCESS"}]},{"number":20,"description":"When post get request for getProfileList \"https://uat1.merchantportal.firstdata.eu/MerchantApiWeb/rest/secure/user/getProfileList\" and \"MERCHANT\"","duration":821,"startTime":1508841660399,"result":"SUCCESS","children":[{"number":21,"description":"Post GET request get profile list: https://uat1.merchantportal.firstdata.eu/MerchantApiWeb/rest/secure/user/getProfileList, MERCHANT","duration":792,"startTime":1508841660402,"result":"SUCCESS","children":[{"number":22,"description":"GET https://uat1.merchantportal.firstdata.eu/MerchantApiWeb/rest/secure/user/getProfileList?userType\u003dMERCHANT\r\r","duration":0,"startTime":1508841661194,"result":"SUCCESS","restQuery":{"method":"GET","path":"https://uat1.merchantportal.firstdata.eu/MerchantApiWeb/rest/secure/user/getProfileList?userType\u003dMERCHANT\r\r","content":"\r","contentType":"null","requestHeaders":"X-CSRF-TOKEN\u003dnull\r\n\t\t\t\tcontentType\u003dapplication/json\r\n\t\t\t\tAccept\u003d*/*\r\r","requestCookies":"JSESSIONID\u003dzn0U0w0cL-bgkVdY6ddRRt4mnKfL-uNyjtQH-dtx.r4cvap1027.1dc.com.MP.WEB\r\n\t\t\t\tROUTEID\u003d.1\r\n\t\t\t\tNSC_JOqw1kkzeidmffcdwhbqrydvw1gkccQ\u003dffffffff09425abb45525d5f4f58455e445a4a42378b\r\r","responseHeaders":"Date: Tue, 24 Oct 2017 10:41:01 GMT\nServer: Apache\nX-Frame-Options: SAMEORIGIN\nExpires: 0\nCache-Control: no-cache, no-store, max-age\u003d0, must-revalidate\nAccess-Control-Allow-Headers: Origin, X-Requested-With, Content-Type, Accept ,X-CSRF-TOKEN\nX-XSS-Protection: 1; mode\u003dblock\nPragma: no-cache\nStrict-Transport-Security: max-age\u003d31536000 ; includeSubDomains\nAccess-Control-Allow-Methods: POST, GET, PUT, OPTIONS, DELETE, PATCH\nX-CSRF-PARAM: _csrf\nX-Frame-Options: DENY\nX-CSRF-HEADER: X-CSRF-TOKEN\nX-CSRF-TOKEN: 8a036cc5-e67a-40b3-8632-8d6fbbd441a2\nX-Content-Type-Options: nosniff\nContent-Type: application/json; charset\u003dUTF-8\nAccess-Control-Max-Age: 3600\nKeep-Alive: timeout\u003d10\nConnection: Keep-Alive\nTransfer-Encoding: chunked\r","responseCookies":"\r","responseBody":"{\n    \"status\": \"success\",\n    \"response\": [\n        \"BusinessOwner\",\n        \"BusinessAssistant\"\n    ],\n    \"errors\": null\n}","statusCode":200}}]}]},{"number":23,"description":"Then verify getProfileList response status \"success\" and \"\" and \"\" and \"\" and \"\" and \"\"","duration":38,"startTime":1508841661221,"result":"SUCCESS","children":[{"number":24,"description":"Verify Response","duration":21,"startTime":1508841661224,"result":"SUCCESS"}]}]},{"number":25,"description":"[1] {report\u003dTC04, appurl\u003dhttps://uat1.merchantportal.firstdata.eu/MerchantApiWeb/rest/secure/user/getProfileList, status\u003dsuccess, Message\u003d, ErrorCode\u003d, userName\u003d, password\u003d, allianceCode\u003d, AuthErrMessage\u003d, Authaccessdenied\u003d, AuthErrCause\u003d, currency\u003d, userType\u003dSUBACCOUNT, pageNumber\u003d, accountStatus\u003d, profile\u003d, firstName\u003d, lastName\u003d}","duration":1017,"startTime":1508841661325,"result":"SUCCESS","children":[{"number":26,"description":"Given load request for getProfileList \"https://uat1.merchantportal.firstdata.eu/MerchantApiWeb/rest/secure/user/getProfileList\" and \"TC04\"","duration":19,"startTime":1508841661344,"result":"SUCCESS","children":[{"number":27,"description":"Loadgetrequestdata authenticated: https://uat1.merchantportal.firstdata.eu/MerchantApiWeb/rest/secure/user/getProfileList, 8a036cc5-e67a-40b3-8632-8d6fbbd441a2","duration":1,"startTime":1508841661356,"result":"SUCCESS"}]},{"number":28,"description":"When post get request for getProfileList \"https://uat1.merchantportal.firstdata.eu/MerchantApiWeb/rest/secure/user/getProfileList\" and \"SUBACCOUNT\"","duration":938,"startTime":1508841661363,"result":"SUCCESS","children":[{"number":29,"description":"Post GET request get profile list: https://uat1.merchantportal.firstdata.eu/MerchantApiWeb/rest/secure/user/getProfileList, SUBACCOUNT","duration":912,"startTime":1508841661365,"result":"SUCCESS","children":[{"number":30,"description":"GET https://uat1.merchantportal.firstdata.eu/MerchantApiWeb/rest/secure/user/getProfileList?userType\u003dSUBACCOUNT\r\r","duration":0,"startTime":1508841662277,"result":"SUCCESS","restQuery":{"method":"GET","path":"https://uat1.merchantportal.firstdata.eu/MerchantApiWeb/rest/secure/user/getProfileList?userType\u003dSUBACCOUNT\r\r","content":"\r","contentType":"null","requestHeaders":"X-CSRF-TOKEN\u003dnull\r\n\t\t\t\tcontentType\u003dapplication/json\r\n\t\t\t\tAccept\u003d*/*\r\r","requestCookies":"JSESSIONID\u003dzn0U0w0cL-bgkVdY6ddRRt4mnKfL-uNyjtQH-dtx.r4cvap1027.1dc.com.MP.WEB\r\n\t\t\t\tROUTEID\u003d.1\r\n\t\t\t\tNSC_JOqw1kkzeidmffcdwhbqrydvw1gkccQ\u003dffffffff09425abb45525d5f4f58455e445a4a42378b\r\r","responseHeaders":"Date: Tue, 24 Oct 2017 10:41:02 GMT\nServer: Apache\nX-Frame-Options: SAMEORIGIN\nExpires: 0\nCache-Control: no-cache, no-store, max-age\u003d0, must-revalidate\nAccess-Control-Allow-Headers: Origin, X-Requested-With, Content-Type, Accept ,X-CSRF-TOKEN\nX-XSS-Protection: 1; mode\u003dblock\nPragma: no-cache\nStrict-Transport-Security: max-age\u003d31536000 ; includeSubDomains\nAccess-Control-Allow-Methods: POST, GET, PUT, OPTIONS, DELETE, PATCH\nX-CSRF-PARAM: _csrf\nX-Frame-Options: DENY\nX-CSRF-HEADER: X-CSRF-TOKEN\nX-CSRF-TOKEN: 8a036cc5-e67a-40b3-8632-8d6fbbd441a2\nX-Content-Type-Options: nosniff\nContent-Type: application/json; charset\u003dUTF-8\nAccess-Control-Max-Age: 3600\nKeep-Alive: timeout\u003d10\nConnection: Keep-Alive\nTransfer-Encoding: chunked\r","responseCookies":"\r","responseBody":"{\n    \"status\": \"success\",\n    \"response\": [\n        \n    ],\n    \"errors\": null\n}","statusCode":200}}]}]},{"number":31,"description":"Then verify getProfileList response status \"success\" and \"\" and \"\" and \"\" and \"\" and \"\"","duration":41,"startTime":1508841662301,"result":"SUCCESS","children":[{"number":32,"description":"Verify Response","duration":21,"startTime":1508841662305,"result":"SUCCESS"}]}]},{"number":33,"description":"[1] {report\u003dTC05, appurl\u003dhttps://uat1.merchantportal.firstdata.eu/MerchantApiWeb/rest/secure/user/getProfileList, status\u003derror, Message\u003dUser Type is required, ErrorCode\u003dMPVE00099, userName\u003d, password\u003d, allianceCode\u003d, AuthErrMessage\u003d, Authaccessdenied\u003d, AuthErrCause\u003d, currency\u003d, userType\u003d, pageNumber\u003d, accountStatus\u003d, profile\u003d, firstName\u003d, lastName\u003d}","duration":928,"startTime":1508841662387,"result":"SUCCESS","children":[{"number":34,"description":"Given load request for getProfileList \"https://uat1.merchantportal.firstdata.eu/MerchantApiWeb/rest/secure/user/getProfileList\" and \"TC05\"","duration":17,"startTime":1508841662400,"result":"SUCCESS","children":[{"number":35,"description":"Loadgetrequestdata authenticated: https://uat1.merchantportal.firstdata.eu/MerchantApiWeb/rest/secure/user/getProfileList, 8a036cc5-e67a-40b3-8632-8d6fbbd441a2","duration":0,"startTime":1508841662414,"result":"SUCCESS"}]},{"number":36,"description":"When post get request for getProfileList \"https://uat1.merchantportal.firstdata.eu/MerchantApiWeb/rest/secure/user/getProfileList\" and \"\"","duration":815,"startTime":1508841662418,"result":"SUCCESS","children":[{"number":37,"description":"Post GET request get profile list: https://uat1.merchantportal.firstdata.eu/MerchantApiWeb/rest/secure/user/getProfileList, ","duration":786,"startTime":1508841662421,"result":"SUCCESS","children":[{"number":38,"description":"GET https://uat1.merchantportal.firstdata.eu/MerchantApiWeb/rest/secure/user/getProfileList?userType\u003d\r\r","duration":0,"startTime":1508841663207,"result":"SUCCESS","restQuery":{"method":"GET","path":"https://uat1.merchantportal.firstdata.eu/MerchantApiWeb/rest/secure/user/getProfileList?userType\u003d\r\r","content":"\r","contentType":"null","requestHeaders":"X-CSRF-TOKEN\u003dnull\r\n\t\t\t\tcontentType\u003dapplication/json\r\n\t\t\t\tAccept\u003d*/*\r\r","requestCookies":"JSESSIONID\u003dzn0U0w0cL-bgkVdY6ddRRt4mnKfL-uNyjtQH-dtx.r4cvap1027.1dc.com.MP.WEB\r\n\t\t\t\tROUTEID\u003d.1\r\n\t\t\t\tNSC_JOqw1kkzeidmffcdwhbqrydvw1gkccQ\u003dffffffff09425abb45525d5f4f58455e445a4a42378b\r\r","responseHeaders":"Date: Tue, 24 Oct 2017 10:41:03 GMT\nServer: Apache\nX-Frame-Options: SAMEORIGIN\nExpires: 0\nCache-Control: no-cache, no-store, max-age\u003d0, must-revalidate\nAccess-Control-Allow-Headers: Origin, X-Requested-With, Content-Type, Accept ,X-CSRF-TOKEN\nX-XSS-Protection: 1; mode\u003dblock\nPragma: no-cache\nStrict-Transport-Security: max-age\u003d31536000 ; includeSubDomains\nAccess-Control-Allow-Methods: POST, GET, PUT, OPTIONS, DELETE, PATCH\nX-CSRF-PARAM: _csrf\nX-Frame-Options: DENY\nX-CSRF-HEADER: X-CSRF-TOKEN\nX-CSRF-TOKEN: 8a036cc5-e67a-40b3-8632-8d6fbbd441a2\nX-Content-Type-Options: nosniff\nContent-Type: application/json; charset\u003dUTF-8\nAccess-Control-Max-Age: 3600\nConnection: close\nTransfer-Encoding: chunked\r","responseCookies":"\r","responseBody":"{\n    \"status\": \"error\",\n    \"response\": null,\n    \"errors\": [\n        {\n            \"code\": \"MPVE00099\",\n            \"message\": \"User Type is required\"\n        }\n    ]\n}","statusCode":400}}]}]},{"number":39,"description":"Then verify getProfileList response status \"error\" and \"MPVE00099\" and \"User Type is required\" and \"\" and \"\" and \"\"","duration":81,"startTime":1508841663234,"result":"SUCCESS","children":[{"number":40,"description":"Verify Response","duration":44,"startTime":1508841663238,"result":"SUCCESS"}]}]},{"number":41,"description":"[1] {report\u003dTC01, appurl\u003dhttps://uat1.merchantportal.firstdata.eu/MerchantApiWeb/rest/secure/user/getUserDetails, status\u003dsuccess, Message\u003d, ErrorCode\u003d, userName\u003d, password\u003d, allianceCode\u003d, AuthErrMessage\u003d, Authaccessdenied\u003d, AuthErrCause\u003d, currency\u003d, userType\u003d, pageNumber\u003d, accountStatus\u003d, profile\u003d, firstName\u003d, lastName\u003d}","duration":888,"startTime":1508841663540,"result":"SUCCESS","children":[{"number":42,"description":"Given load request for getUserDetails \"https://uat1.merchantportal.firstdata.eu/MerchantApiWeb/rest/secure/user/getUserDetails\" and \"TC01\"","duration":17,"startTime":1508841663552,"result":"SUCCESS","children":[{"number":43,"description":"Loadgetrequestdata authenticated: https://uat1.merchantportal.firstdata.eu/MerchantApiWeb/rest/secure/user/getUserDetails, 8a036cc5-e67a-40b3-8632-8d6fbbd441a2","duration":0,"startTime":1508841663564,"result":"SUCCESS"}]},{"number":44,"description":"When post get request for getUserDetails \"https://uat1.merchantportal.firstdata.eu/MerchantApiWeb/rest/secure/user/getUserDetails\"","duration":823,"startTime":1508841663569,"result":"SUCCESS","children":[{"number":45,"description":"Post GET request get user details: https://uat1.merchantportal.firstdata.eu/MerchantApiWeb/rest/secure/user/getUserDetails","duration":810,"startTime":1508841663572,"result":"SUCCESS","children":[{"number":46,"description":"GET https://uat1.merchantportal.firstdata.eu/MerchantApiWeb/rest/secure/user/getUserDetails\r\r","duration":0,"startTime":1508841664382,"result":"SUCCESS","restQuery":{"method":"GET","path":"https://uat1.merchantportal.firstdata.eu/MerchantApiWeb/rest/secure/user/getUserDetails\r\r","content":"\r","contentType":"null","requestHeaders":"X-CSRF-TOKEN\u003dnull\r\n\t\t\t\tcontentType\u003dapplication/json\r\n\t\t\t\tAccept\u003d*/*\r\r","requestCookies":"JSESSIONID\u003dzn0U0w0cL-bgkVdY6ddRRt4mnKfL-uNyjtQH-dtx.r4cvap1027.1dc.com.MP.WEB\r\n\t\t\t\tROUTEID\u003d.1\r\n\t\t\t\tNSC_JOqw1kkzeidmffcdwhbqrydvw1gkccQ\u003dffffffff09425abb45525d5f4f58455e445a4a42378b\r\r","responseHeaders":"Date: Tue, 24 Oct 2017 10:41:04 GMT\nServer: Apache\nX-Frame-Options: SAMEORIGIN\nExpires: 0\nCache-Control: no-cache, no-store, max-age\u003d0, must-revalidate\nAccess-Control-Allow-Headers: Origin, X-Requested-With, Content-Type, Accept ,X-CSRF-TOKEN\nX-XSS-Protection: 1; mode\u003dblock\nPragma: no-cache\nStrict-Transport-Security: max-age\u003d31536000 ; includeSubDomains\nAccess-Control-Allow-Methods: POST, GET, PUT, OPTIONS, DELETE, PATCH\nX-CSRF-PARAM: _csrf\nX-Frame-Options: DENY\nX-CSRF-HEADER: X-CSRF-TOKEN\nX-CSRF-TOKEN: 8a036cc5-e67a-40b3-8632-8d6fbbd441a2\nX-Content-Type-Options: nosniff\nContent-Type: application/json; charset\u003dUTF-8\nAccess-Control-Max-Age: 3600\nKeep-Alive: timeout\u003d10\nConnection: Keep-Alive\nTransfer-Encoding: chunked\r","responseCookies":"\r","responseBody":"{\n    \"status\": \"success\",\n    \"response\": {\n        \"status\": null,\n        \"firstName\": \"Demo\",\n        \"lastName\": \"Demo\",\n        \"userName\": \"DemoAccount1\",\n        \"emailId\": \"vikram.pillai@firstdata.com\",\n        \"mobileNumber\": \"447446702755\",\n        \"phoneNumber\": null,\n        \"languageCode\": \"EN\",\n        \"sendNewsletter\": 1,\n        \"sendEmailNotification\": 0,\n        \"sendEInvoicePermission\": null,\n        \"invoiceEmailFlag\": null,\n        \"tradeName\": null,\n        \"invoiceNotificationFlag\": null,\n        \"lastLoginDate\": null,\n        \"nextPassChangeNotifDate\": null,\n        \"preAuthWidgetFlag\": 0,\n        \"userType\": \"MERCHANT\",\n        \"tourFlag\": null,\n        \"boUserManagementFlag\": 1\n    },\n    \"errors\": null\n}","statusCode":200}}]}]},{"number":47,"description":"Then verify getUserDetails response status \"success\" and \"\" and \"\" and \"\" and \"\" and \"\"","duration":36,"startTime":1508841664392,"result":"SUCCESS","children":[{"number":48,"description":"Verify Response","duration":19,"startTime":1508841664395,"result":"SUCCESS"}]}]}],"userStory":{"id":"merchant-portal-application-api-validation","storyName":"Merchant Portal application API validation","path":"APIupdate.feature","type":"feature"},"featureTag":{"name":"Merchant Portal application API validation","type":"feature"},"title":"Verify the api retrieves the profile list of different user types","description":"","tags":[{"name":"getProfileList","type":"tag"}],"startTime":1508841658228,"duration":6200,"dataTable":{"headers":["report","appurl","status","Message","ErrorCode","userName","password","allianceCode","AuthErrMessage","Authaccessdenied","AuthErrCause","currency","userType","pageNumber","accountStatus","profile","firstName","lastName"],"rows":[{"values":["TC01","https://uat1.merchantportal.firstdata.eu/MerchantApiWeb/rest/secure/user/getProfileList","success","","","","","","","","","","ALLIANCE","","","","",""],"result":"SUCCESS"},{"values":["TC02","https://uat1.merchantportal.firstdata.eu/MerchantApiWeb/rest/secure/user/getProfileList","success","","","","","","","","","","FIRSTDATA","","","","",""],"result":"SUCCESS"},{"values":["TC03","https://uat1.merchantportal.firstdata.eu/MerchantApiWeb/rest/secure/user/getProfileList","success","","","","","","","","","","MERCHANT","","","","",""],"result":"SUCCESS"},{"values":["TC04","https://uat1.merchantportal.firstdata.eu/MerchantApiWeb/rest/secure/user/getProfileList","success","","","","","","","","","","SUBACCOUNT","","","","",""],"result":"SUCCESS"},{"values":["TC05","https://uat1.merchantportal.firstdata.eu/MerchantApiWeb/rest/secure/user/getProfileList","error","User Type is required","MPVE00099","","","","","","","","","","","","",""],"result":"SUCCESS"},{"values":["","","","","","","https://uat1.merchantportal.firstdata.eu/MerchantApiWeb/rest/secure/user/getUserDetails","","","","","","TC01","","","","","success"],"result":"SUCCESS"}],"predefinedRows":true,"dataSetDescriptors":[{"startRow":0,"rowCount":5,"name":"","description":""},{"startRow":5,"rowCount":0,"name":"","description":""}]},"manual":false,"testSource":"Cucumber","result":"SUCCESS"}