{"name":"Verify the details of the Merchant portal application","testSteps":[{"number":1,"description":"[1] {report\u003dTC01, appurl\u003dhttps://uat1.merchantportal.firstdata.eu/MerchantApiWeb/authenticateUser, status\u003dsuccess, Message\u003d, ErrorCode\u003d, userName\u003dDemoAccount1, password\u003dPassword@1, allianceCode\u003dEMS, AuthErrMessage\u003d, Authaccessdenied\u003d, AuthErrCause\u003d, currency\u003d, userType\u003d, pageNumber\u003d, accountStatus\u003d, profile\u003d, firstName\u003d, lastName\u003d}","duration":8133,"startTime":1508843259888,"result":"SUCCESS","children":[{"number":2,"description":"Given load request for user authentication \"https://uat1.merchantportal.firstdata.eu/MerchantApiWeb/authenticateUser\" and \"TC01\"","duration":108,"startTime":1508843260206,"result":"SUCCESS","children":[{"number":3,"description":"Loadgetrequestdata: https://uat1.merchantportal.firstdata.eu/MerchantApiWeb/authenticateUser","duration":8,"startTime":1508843260301,"result":"SUCCESS"}]},{"number":4,"description":"When post request for user authentication \"https://uat1.merchantportal.firstdata.eu/MerchantApiWeb/authenticateUser\" and \"DemoAccount1\" and \"Password@1\" and \"EMS\"","duration":7088,"startTime":1508843260315,"result":"SUCCESS","children":[{"number":5,"description":"Post ND: https://uat1.merchantportal.firstdata.eu/MerchantApiWeb/authenticateUser, DemoAccount1, Password@1, EMS","duration":7043,"startTime":1508843260322,"result":"SUCCESS","children":[{"number":6,"description":"POST https://uat1.merchantportal.firstdata.eu/MerchantApiWeb/authenticateUser\r\r","duration":0,"startTime":1508843267351,"result":"SUCCESS","restQuery":{"method":"POST","path":"https://uat1.merchantportal.firstdata.eu/MerchantApiWeb/authenticateUser\r\r","content":"\r","contentType":"null","requestHeaders":"Accept\u003d*/*\r\n\t\t\t\tContent-Type\u003dapplication/x-www-form-urlencoded; charset\u003dISO-8859-1\r\r","requestCookies":"\r\r","responseHeaders":"Date: Tue, 24 Oct 2017 11:07:47 GMT\nServer: Apache\nX-Frame-Options: SAMEORIGIN\nExpires: 0\nCache-Control: no-cache, no-store, max-age\u003d0, must-revalidate\nAccess-Control-Allow-Headers: Origin, X-Requested-With, Content-Type, Accept, X-CSRF-TOKEN\nX-XSS-Protection: 1; mode\u003dblock\nPragma: no-cache\nStrict-Transport-Security: max-age\u003d31536000 ; includeSubDomains\nAccess-Control-Allow-Methods: POST, GET, PUT, OPTIONS, DELETE, PATCH\nX-CSRF-PARAM: _csrf\nX-Frame-Options: DENY\nX-CSRF-HEADER: X-CSRF-TOKEN\nX-CSRF-TOKEN: 6833802a-4d5f-4a41-b722-e53feec63d41\nAccess-Control-Allow-Origin: *\nX-Auth-Token: CbpMF5y5dHADjjeFYJ98E8RXDSA2DRzubsL7eekKaDM\u003d\nX-Content-Type-Options: nosniff\nContent-Type: application/json;charset\u003dISO-8859-1\nAccess-Control-Max-Age: 3600\nSet-Cookie: JSESSIONID\u003dyYoxg_k5OmDNfWXc6f2cNV7tYGSu-8G6-xfo3hV9.r4cvap1027.1dc.com.MP.WEB; path\u003d/MerchantApiWeb;HttpOnly;Secure\nSet-Cookie: ROUTEID\u003d.1; path\u003d/;HttpOnly;Secure\nKeep-Alive: timeout\u003d10\nConnection: Keep-Alive\nTransfer-Encoding: chunked\nSet-Cookie: NSC_JOqw1kkzeidmffcdwhbqrydvw1gkccQ\u003dffffffff09425abb45525d5f4f58455e445a4a42378b;path\u003d/;secure;httponly\r","responseCookies":"JSESSIONID\u003dyYoxg_k5OmDNfWXc6f2cNV7tYGSu-8G6-xfo3hV9.r4cvap1027.1dc.com.MP.WEB;Path\u003d/MerchantApiWeb;Secure;HttpOnly\nROUTEID\u003d.1;Path\u003d/;Secure;HttpOnly\nNSC_JOqw1kkzeidmffcdwhbqrydvw1gkccQ\u003dffffffff09425abb45525d5f4f58455e445a4a42378b;Path\u003d/;Secure;HttpOnly\r","responseBody":"{\n    \"status\": \"success\",\n    \"response\": {\n        \"firstName\": \"Demo\",\n        \"lastName\": \"Demo\",\n        \"userName\": \"DemoAccount1\",\n        \"emailAddress\": \"vikram.pillai@firstdata.com\",\n        \"mobileNumber\": \"447446702755\",\n        \"accountExpirationDate\": null,\n        \"accountStatus\": \"ACTIVE\",\n        \"passwordExpirationDate\": 1517767076000,\n        \"lastLoginDate\": 1508843209000,\n        \"allianceCode\": \"EMS\",\n        \"authorities\": [\n            {\n                \"authority\": \"4\"\n            }\n        ],\n        \"acceptedTC\": 1005061,\n        \"latestTC\": 1005061,\n        \"expirePasswordFlag\": 0,\n        \"demoFlag\": 0,\n        \"timezone\": \"Europe/Bratislava\",\n        \"merchantIds\": [\n            1217015\n        ],\n        \"sessionExpTime\": 6000,\n        \"permissions\": [\n            \"FAREFUND\",\n            \"DFWidget\",\n            \"MSGPRINT\",\n            \"FAPREAUTHLIST\",\n            \"DYNMWIDGET\",\n            \"FAFView\",\n            \"ACCESSPORTAL\",\n            \"FAPREAUTHEX\",\n            \"FAPREAUTHSUM\",\n            \"FARECPAYSUM\",\n            \"FACOMPLETE\",\n            \"FATView\",\n            \"FAVOID\",\n            \"FAAView\",\n            \"DPWidget\",\n            \"FAEXA\",\n            \"MHDATA\",\n            \"SUBACCDET\",\n            \"BOFLAG\",\n            \"FAQX\",\n            \"DSWidget\",\n            \"MHDATATER\",\n            \"FCREUSER\",\n            \"FDLTUSR\",\n            \"GENERICX\",\n            \"FAEXF\",\n            \"FAEXT\",\n            \"FBLKUSR\",\n            \"CRTUSRID\",\n            \"DAWidget\",\n            \"MHDATAPOS\",\n            \"FARECPAYLIST\"\n        ],\n        \"markedToExpire\": 0,\n        \"tourFlag\": 0,\n        \"userViewPermissions\": {\n            \"hasPreAuth\": true,\n            \"hasRecurringPayment\": false,\n            \"hasUserManagement\": true\n        }\n    },\n    \"errors\": null\n}","statusCode":200}}]}]},{"number":7,"description":"Then verify user authentication response \"success\" and \"\" and \"\" and \"\" and \"\" and \"\"","duration":616,"startTime":1508843267405,"result":"SUCCESS","children":[{"number":8,"description":"Verify Response","duration":34,"startTime":1508843267968,"result":"SUCCESS"}]}]}],"userStory":{"id":"merchant-portal-application-api-validation","storyName":"Merchant Portal application API validation","path":"APIupdate.feature","type":"feature"},"featureTag":{"name":"Merchant Portal application API validation","type":"feature"},"title":"Verify the details of the Merchant portal application","description":"","tags":[{"name":"authenticateUser","type":"tag"}],"startTime":1508843259789,"duration":8233,"dataTable":{"headers":["report","appurl","status","Message","ErrorCode","userName","password","allianceCode","AuthErrMessage","Authaccessdenied","AuthErrCause","currency","userType","pageNumber","accountStatus","profile","firstName","lastName"],"rows":[{"values":["TC01","https://uat1.merchantportal.firstdata.eu/MerchantApiWeb/authenticateUser","success","","","DemoAccount1","Password@1","EMS","","","","","","","","","",""],"result":"SUCCESS"}],"predefinedRows":true,"dataSetDescriptors":[{"startRow":0,"rowCount":0,"name":"","description":""}]},"manual":false,"testSource":"Cucumber","result":"SUCCESS"}