{"name":"Verify the api logout the user","testSteps":[{"number":1,"description":"[1] {report\u003dTC01, appurl\u003dhttps://uat1.merchantportal.firstdata.eu/MerchantApiWeb/logout, status\u003dsuccess, Message\u003d, ErrorCode\u003d, userName\u003d, password\u003d, allianceCode\u003d, AuthErrMessage\u003d, Authaccessdenied\u003d, AuthErrCause\u003d, currency\u003d, userType\u003d, pageNumber\u003d, accountStatus\u003d, profile\u003d, firstName\u003d, lastName\u003d}","duration":988,"startTime":1508842661366,"result":"SUCCESS","children":[{"number":2,"description":"Given load request for logout \"https://uat1.merchantportal.firstdata.eu/MerchantApiWeb/logout\" and \"TC01\"","duration":40,"startTime":1508842661388,"result":"SUCCESS","children":[{"number":3,"description":"Loadgetrequestdata authenticated: https://uat1.merchantportal.firstdata.eu/MerchantApiWeb/logout, 1ca04424-9856-4efb-b907-814be9227c42","duration":1,"startTime":1508842661401,"result":"SUCCESS"}]},{"number":4,"description":"When post request for logout \"https://uat1.merchantportal.firstdata.eu/MerchantApiWeb/logout\"","duration":870,"startTime":1508842661429,"result":"SUCCESS","children":[{"number":5,"description":"Postrequest logout: https://uat1.merchantportal.firstdata.eu/MerchantApiWeb/logout","duration":851,"startTime":1508842661432,"result":"SUCCESS","children":[{"number":6,"description":"POST https://uat1.merchantportal.firstdata.eu/MerchantApiWeb/logout\r\r","duration":1,"startTime":1508842662282,"result":"SUCCESS","restQuery":{"method":"POST","path":"https://uat1.merchantportal.firstdata.eu/MerchantApiWeb/logout\r\r","content":"\r","contentType":"null","requestHeaders":"X-CSRF-TOKEN\u003dnull\r\n\t\t\t\tcontentType\u003dapplication/json\r\n\t\t\t\tAccept\u003d*/*\r\n\t\t\t\tContent-Type\u003dapplication/x-www-form-urlencoded; charset\u003dISO-8859-1\r\r","requestCookies":"JSESSIONID\u003dSK94MyfF-eMqwHh1_uEUlQK_K4OvESqkSVwZLEuM.r4cvap1027.1dc.com.MP.WEB\r\n\t\t\t\tROUTEID\u003d.1\r\n\t\t\t\tNSC_JOqw1kkzeidmffcdwhbqrydvw1gkccQ\u003dffffffff09425abb45525d5f4f58455e445a4a42378b\r\r","responseHeaders":"Date: Tue, 24 Oct 2017 10:57:42 GMT\nServer: Apache\nX-Frame-Options: SAMEORIGIN\nExpires: 0\nX-CSRF-PARAM: _csrf\nCache-Control: no-cache, no-store, max-age\u003d0, must-revalidate\nX-XSS-Protection: 1; mode\u003dblock\nPragma: no-cache\nX-Frame-Options: DENY\nX-CSRF-HEADER: X-CSRF-TOKEN\nX-CSRF-TOKEN: 1ca04424-9856-4efb-b907-814be9227c42\nX-Content-Type-Options: nosniff\nStrict-Transport-Security: max-age\u003d31536000 ; includeSubDomains\nContent-Type: application/json; charset\u003dISO-8859-1\nSet-Cookie: JSESSIONID\u003dSK94MyfF-eMqwHh1_uEUlQK_K4OvESqkSVwZLEuM.r4cvap1027.1dc.com.MP.WEB; path\u003d/MerchantApiWeb; Max-Age\u003d0; Expires\u003dThu, 01-Jan-1970 00:00:00 GMT;HttpOnly;Secure\nSet-Cookie: remember_me_cookie\u003dnull; path\u003d/MerchantApiWeb; Max-Age\u003d0; Expires\u003dThu, 01-Jan-1970 00:00:00 GMT;HttpOnly;Secure\nKeep-Alive: timeout\u003d10\nConnection: Keep-Alive\nTransfer-Encoding: chunked\r","responseCookies":"JSESSIONID\u003dSK94MyfF-eMqwHh1_uEUlQK_K4OvESqkSVwZLEuM.r4cvap1027.1dc.com.MP.WEB;Path\u003d/MerchantApiWeb;Max-Age\u003d0;Secure;HttpOnly;Expires\u003d1/1/70 12:00 AM\nremember_me_cookie\u003dnull;Path\u003d/MerchantApiWeb;Max-Age\u003d0;Secure;HttpOnly;Expires\u003d1/1/70 12:00 AM\r","responseBody":"{\n    \"status\": \"success\",\n    \"response\": {\n        \"message\": \"User Successfully logged out\"\n    },\n    \"errors\": null\n}","statusCode":200}}]}]},{"number":7,"description":"Then verify logout response status \"success\" and \"\" and \"\" and \"\" and \"\" and \"\"","duration":53,"startTime":1508842662300,"result":"SUCCESS","children":[{"number":8,"description":"Verify Response","duration":20,"startTime":1508842662310,"result":"SUCCESS"}]}]}],"userStory":{"id":"merchant-portal-application-api-validation","storyName":"Merchant Portal application API validation","path":"APIupdate.feature","type":"feature"},"featureTag":{"name":"Merchant Portal application API validation","type":"feature"},"title":"Verify the api logout the user","description":"","tags":[{"name":"logout","type":"tag"}],"startTime":1508842661365,"duration":989,"dataTable":{"headers":["report","appurl","status","Message","ErrorCode","userName","password","allianceCode","AuthErrMessage","Authaccessdenied","AuthErrCause","currency","userType","pageNumber","accountStatus","profile","firstName","lastName"],"rows":[{"values":["TC01","https://uat1.merchantportal.firstdata.eu/MerchantApiWeb/logout","success","","","","","","","","","","","","","","",""],"result":"SUCCESS"}],"predefinedRows":true,"dataSetDescriptors":[{"startRow":0,"rowCount":0,"name":"","description":""}]},"manual":false,"testSource":"Cucumber","result":"SUCCESS"}