{"name":"Verify the details of the Sales summary","testSteps":[{"number":1,"description":"[1] {report\u003dTC01, appurl\u003dhttps://uat1.merchantportal.firstdata.eu/MerchantApiWeb/rest/secure/user/financialData/sales/getSalesSummary, status\u003dsuccess, Message\u003d, ErrorCode\u003d, userName\u003d, password\u003d, allianceCode\u003d, AuthErrMessage\u003d, Authaccessdenied\u003d, AuthErrCause\u003d, currency\u003dEUR, userType\u003d, pageNumber\u003d, accountStatus\u003d, profile\u003d, firstName\u003d, lastName\u003d}","duration":1971,"startTime":1508841654950,"result":"SUCCESS","children":[{"number":2,"description":"Given load request for getSalesSummary \"https://uat1.merchantportal.firstdata.eu/MerchantApiWeb/rest/secure/user/financialData/sales/getSalesSummary\" and \"TC01\"","duration":18,"startTime":1508841654964,"result":"SUCCESS","children":[{"number":3,"description":"Loadgetrequestdata authenticated: https://uat1.merchantportal.firstdata.eu/MerchantApiWeb/rest/secure/user/financialData/sales/getSalesSummary, 8a036cc5-e67a-40b3-8632-8d6fbbd441a2","duration":1,"startTime":1508841654978,"result":"SUCCESS"}]},{"number":4,"description":"When post get request for getSalesSummary \"https://uat1.merchantportal.firstdata.eu/MerchantApiWeb/rest/secure/user/financialData/sales/getSalesSummary\" and \"EUR\"","duration":1866,"startTime":1508841654983,"result":"SUCCESS","children":[{"number":5,"description":"Post GET request getsalessummary: https://uat1.merchantportal.firstdata.eu/MerchantApiWeb/rest/secure/user/financialData/sales/getSalesSummary, EUR","duration":1838,"startTime":1508841654986,"result":"SUCCESS","children":[{"number":6,"description":"GET https://uat1.merchantportal.firstdata.eu/MerchantApiWeb/rest/secure/user/financialData/sales/getSalesSummary?currency\u003dEUR\r\r","duration":0,"startTime":1508841656823,"result":"SUCCESS","restQuery":{"method":"GET","path":"https://uat1.merchantportal.firstdata.eu/MerchantApiWeb/rest/secure/user/financialData/sales/getSalesSummary?currency\u003dEUR\r\r","content":"\r","contentType":"null","requestHeaders":"X-CSRF-TOKEN\u003dnull\r\n\t\t\t\tcontentType\u003dapplication/json\r\n\t\t\t\tAccept\u003d*/*\r\r","requestCookies":"JSESSIONID\u003dzn0U0w0cL-bgkVdY6ddRRt4mnKfL-uNyjtQH-dtx.r4cvap1027.1dc.com.MP.WEB\r\n\t\t\t\tROUTEID\u003d.1\r\n\t\t\t\tNSC_JOqw1kkzeidmffcdwhbqrydvw1gkccQ\u003dffffffff09425abb45525d5f4f58455e445a4a42378b\r\r","responseHeaders":"Date: Tue, 24 Oct 2017 10:40:56 GMT\nServer: Apache\nX-Frame-Options: SAMEORIGIN\nExpires: 0\nCache-Control: no-cache, no-store, max-age\u003d0, must-revalidate\nAccess-Control-Allow-Headers: Origin, X-Requested-With, Content-Type, Accept ,X-CSRF-TOKEN\nX-XSS-Protection: 1; mode\u003dblock\nPragma: no-cache\nStrict-Transport-Security: max-age\u003d31536000 ; includeSubDomains\nAccess-Control-Allow-Methods: POST, GET, PUT, OPTIONS, DELETE, PATCH\nX-CSRF-PARAM: _csrf\nX-Frame-Options: DENY\nX-CSRF-HEADER: X-CSRF-TOKEN\nX-CSRF-TOKEN: 8a036cc5-e67a-40b3-8632-8d6fbbd441a2\nX-Content-Type-Options: nosniff\nContent-Type: application/json; charset\u003dUTF-8\nAccess-Control-Max-Age: 3600\nKeep-Alive: timeout\u003d10\nConnection: Keep-Alive\nTransfer-Encoding: chunked\r","responseCookies":"\r","responseBody":"{\n    \"status\": \"success\",\n    \"response\": {\n        \"totalAmount\": 3216.8,\n        \"totalCustomer\": 529,\n        \"salesResponse\": [\n            {\n                \"postingDate\": 1507586400000,\n                \"custCount\": 61,\n                \"sumAmount\": 364.9\n            },\n            {\n                \"postingDate\": 1507672800000,\n                \"custCount\": 81,\n                \"sumAmount\": 509.1\n            },\n            {\n                \"postingDate\": 1507759200000,\n                \"custCount\": 18,\n                \"sumAmount\": 94.5\n            },\n            {\n                \"postingDate\": 1507845600000,\n                \"custCount\": 26,\n                \"sumAmount\": 162.4\n            },\n            {\n                \"postingDate\": 1507932000000,\n                \"custCount\": 51,\n                \"sumAmount\": 321.2\n            },\n            {\n                \"postingDate\": 1508018400000,\n                \"custCount\": 146,\n                \"sumAmount\": 877.6\n            },\n            {\n                \"postingDate\": 1508104800000,\n                \"custCount\": 75,\n                \"sumAmount\": 444.3\n            },\n            {\n                \"postingDate\": 1508191200000,\n                \"custCount\": 71,\n                \"sumAmount\": 442.8\n            },\n            {\n                \"postingDate\": 1508320800000,\n                \"custCount\": 0,\n                \"sumAmount\": 0\n            },\n            {\n                \"postingDate\": 1508407200000,\n                \"custCount\": 0,\n                \"sumAmount\": 0\n            },\n            {\n                \"postingDate\": 1508493600000,\n                \"custCount\": 0,\n                \"sumAmount\": 0\n            },\n            {\n                \"postingDate\": 1508580000000,\n                \"custCount\": 0,\n                \"sumAmount\": 0\n            },\n            {\n                \"postingDate\": 1508666400000,\n                \"custCount\": 0,\n                \"sumAmount\": 0\n            },\n            {\n                \"postingDate\": 1508752800000,\n                \"custCount\": 0,\n                \"sumAmount\": 0\n            }\n        ]\n    },\n    \"errors\": null\n}","statusCode":200}}]}]},{"number":7,"description":"Then verify getSalesSummary response status \"success\" and \"\" and \"\" and \"\" and \"\" and \"\"","duration":71,"startTime":1508841656850,"result":"SUCCESS","children":[{"number":8,"description":"Verify Response","duration":42,"startTime":1508841656854,"result":"SUCCESS"}]}]},{"number":9,"description":"[1] {report\u003dTC02, appurl\u003dhttps://uat1.merchantportal.firstdata.eu/MerchantApiWeb/rest/secure/user/financialData/sales/getSalesSummary, status\u003derror, Message\u003dplease enter a valid currency, ErrorCode\u003dMPVE00075, userName\u003d, password\u003d, allianceCode\u003d, AuthErrMessage\u003d, Authaccessdenied\u003d, AuthErrCause\u003d, currency\u003dabc, userType\u003d, pageNumber\u003d, accountStatus\u003d, profile\u003d, firstName\u003d, lastName\u003d}","duration":1030,"startTime":1508841656972,"result":"SUCCESS","children":[{"number":10,"description":"Given load request for getSalesSummary \"https://uat1.merchantportal.firstdata.eu/MerchantApiWeb/rest/secure/user/financialData/sales/getSalesSummary\" and \"TC02\"","duration":116,"startTime":1508841656990,"result":"SUCCESS","children":[{"number":11,"description":"Loadgetrequestdata authenticated: https://uat1.merchantportal.firstdata.eu/MerchantApiWeb/rest/secure/user/financialData/sales/getSalesSummary, 8a036cc5-e67a-40b3-8632-8d6fbbd441a2","duration":1,"startTime":1508841657096,"result":"SUCCESS"}]},{"number":12,"description":"When post get request for getSalesSummary \"https://uat1.merchantportal.firstdata.eu/MerchantApiWeb/rest/secure/user/financialData/sales/getSalesSummary\" and \"abc\"","duration":787,"startTime":1508841657106,"result":"SUCCESS","children":[{"number":13,"description":"Post GET request getsalessummary: https://uat1.merchantportal.firstdata.eu/MerchantApiWeb/rest/secure/user/financialData/sales/getSalesSummary, abc","duration":762,"startTime":1508841657111,"result":"SUCCESS","children":[{"number":14,"description":"GET https://uat1.merchantportal.firstdata.eu/MerchantApiWeb/rest/secure/user/financialData/sales/getSalesSummary?currency\u003dabc\r\r","duration":1,"startTime":1508841657872,"result":"SUCCESS","restQuery":{"method":"GET","path":"https://uat1.merchantportal.firstdata.eu/MerchantApiWeb/rest/secure/user/financialData/sales/getSalesSummary?currency\u003dabc\r\r","content":"\r","contentType":"null","requestHeaders":"X-CSRF-TOKEN\u003dnull\r\n\t\t\t\tcontentType\u003dapplication/json\r\n\t\t\t\tAccept\u003d*/*\r\r","requestCookies":"JSESSIONID\u003dzn0U0w0cL-bgkVdY6ddRRt4mnKfL-uNyjtQH-dtx.r4cvap1027.1dc.com.MP.WEB\r\n\t\t\t\tROUTEID\u003d.1\r\n\t\t\t\tNSC_JOqw1kkzeidmffcdwhbqrydvw1gkccQ\u003dffffffff09425abb45525d5f4f58455e445a4a42378b\r\r","responseHeaders":"Date: Tue, 24 Oct 2017 10:40:57 GMT\nServer: Apache\nX-Frame-Options: SAMEORIGIN\nExpires: 0\nCache-Control: no-cache, no-store, max-age\u003d0, must-revalidate\nAccess-Control-Allow-Headers: Origin, X-Requested-With, Content-Type, Accept ,X-CSRF-TOKEN\nX-XSS-Protection: 1; mode\u003dblock\nPragma: no-cache\nStrict-Transport-Security: max-age\u003d31536000 ; includeSubDomains\nAccess-Control-Allow-Methods: POST, GET, PUT, OPTIONS, DELETE, PATCH\nX-CSRF-PARAM: _csrf\nX-Frame-Options: DENY\nX-CSRF-HEADER: X-CSRF-TOKEN\nX-CSRF-TOKEN: 8a036cc5-e67a-40b3-8632-8d6fbbd441a2\nX-Content-Type-Options: nosniff\nContent-Type: application/json; charset\u003dUTF-8\nAccess-Control-Max-Age: 3600\nConnection: close\nTransfer-Encoding: chunked\r","responseCookies":"\r","responseBody":"{\n    \"status\": \"error\",\n    \"response\": null,\n    \"errors\": [\n        {\n            \"code\": \"MPVE00075\",\n            \"message\": \"please enter a valid currency\"\n        }\n    ]\n}","statusCode":400}}]}]},{"number":15,"description":"Then verify getSalesSummary response status \"error\" and \"MPVE00075\" and \"please enter a valid currency\" and \"\" and \"\" and \"\"","duration":108,"startTime":1508841657894,"result":"SUCCESS","children":[{"number":16,"description":"Verify Response","duration":58,"startTime":1508841657897,"result":"SUCCESS"}]}]}],"userStory":{"id":"merchant-portal-application-api-validation","storyName":"Merchant Portal application API validation","path":"APIupdate.feature","type":"feature"},"featureTag":{"name":"Merchant Portal application API validation","type":"feature"},"title":"Verify the details of the Sales summary","description":"","tags":[{"name":"getSalesSummary","type":"tag"}],"startTime":1508841654949,"duration":3053,"dataTable":{"headers":["report","appurl","status","Message","ErrorCode","userName","password","allianceCode","AuthErrMessage","Authaccessdenied","AuthErrCause","currency","userType","pageNumber","accountStatus","profile","firstName","lastName"],"rows":[{"values":["TC01","https://uat1.merchantportal.firstdata.eu/MerchantApiWeb/rest/secure/user/financialData/sales/getSalesSummary","success","","","","","","","","","EUR","","","","","",""],"result":"SUCCESS"},{"values":["TC02","https://uat1.merchantportal.firstdata.eu/MerchantApiWeb/rest/secure/user/financialData/sales/getSalesSummary","error","please enter a valid currency","MPVE00075","","","","","","","abc","","","","","",""],"result":"SUCCESS"}],"predefinedRows":true,"dataSetDescriptors":[{"startRow":0,"rowCount":0,"name":"","description":""}]},"manual":false,"testSource":"Cucumber","result":"SUCCESS"}